Timestamp,Backend,Page,Width,Height,RenderTimeMs
2026-05-26T02:55:16.2942351,PDFBOX,1,1275,1649,477,0578
2026-05-26T02:56:46.8222396,NATIVE,1,1200,1600,21,6114
2026-05-26T02:56:53.7147372,PDFBOX,1,1275,1649,153,8995
2026-05-26T02:56:54.5501014,NATIVE,1,1200,1600,14,7710
2026-05-26T02:56:55.9843619,PDFBOX,1,1275,1649,82,4908
2026-05-26T02:56:56.6015115,NATIVE,1,1200,1600,12,9517
2026-05-26T02:57:00.4559576,PDFBOX,1,1275,1649,124,3424
2026-05-26T02:57:24.335373,NATIVE,1,1200,1600,24,4024
2026-05-26T02:57:25.593239,PDFBOX,1,1275,1649,127,7573
2026-05-26T02:57:37.1077923,PDFBOX,2,1275,1649,197,3853
2026-05-26T02:57:37.2704982,PDFBOX,1,1275,1649,62,5774
2026-05-26T02:57:37.9554724,PDFBOX,2,1275,1649,109,0237
2026-05-26T02:57:41.9607456,PDFBOX,3,1275,1649,84,7210
2026-05-26T02:57:42.7959417,PDFBOX,4,1275,1649,76,8072
2026-05-26T02:57:43.3899461,PDFBOX,5,1275,1649,63,3234
2026-05-26T02:57:44.1603308,PDFBOX,4,1275,1649,69,7415
2026-05-26T02:57:46.0842587,PDFBOX,5,1275,1649,61,5296
2026-05-26T02:57:47.4799227,PDFBOX,6,1275,1649,540,3372
2026-05-26T02:57:47.7136703,PDFBOX,7,1275,1649,177,6924
2026-05-26T02:57:48.784491,PDFBOX,8,1275,1649,248,7913
2026-05-26T02:57:50.1413945,NATIVE,8,1200,1600,20,6968
2026-05-26T02:57:51.1915479,PDFBOX,8,1275,1649,184,9960
2026-05-26T02:57:51.7117658,PDFBOX,9,1275,1649,190,3936
2026-05-26T02:57:52.1364022,NATIVE,9,1200,1600,23,2083
2026-05-26T02:57:52.6135556,NATIVE,10,1200,1600,9,9152
2026-05-26T02:57:53.3720644,NATIVE,9,1200,1600,19,2198
2026-05-26T02:57:53.771527,NATIVE,8,1200,1600,15,1083
2026-05-26T02:57:54.2025509,NATIVE,7,1200,1600,21,5471
2026-05-26T03:06:21.216723,PDFBOX,1,1275,1649,548,6309
2026-05-26T03:06:34.1723108,NATIVE,1,1200,1600,125,8454
2026-05-26T03:06:36.3533835,PDFBOX,1,1275,1649,194,3862
2026-05-26T03:06:37.1059285,NATIVE,1,1200,1600,59,0460
2026-05-26T03:06:40.6754984,PDFBOX,1,1275,1649,87,8943
2026-05-26T03:06:41.2413814,NATIVE,1,1200,1600,29,9207
2026-05-26T03:06:41.8713085,PDFBOX,1,1275,1649,77,8683
2026-05-26T03:06:42.367815,NATIVE,1,1200,1600,33,3044
2026-05-26T03:06:43.3350348,PDFBOX,1,1275,1649,76,3894
2026-05-26T03:06:43.7317311,NATIVE,1,1200,1600,22,4318
2026-05-26T03:06:44.5806771,PDFBOX,1,1275,1649,69,5493
2026-05-26T03:06:45.1879916,NATIVE,1,1200,1600,21,4244
2026-05-26T03:07:05.1937846,PDFBOX,1,1275,1649,110,3007
2026-05-26T03:10:26.7738719,PDFBOX,1,1275,1649,685,8437
2026-05-26T03:10:35.1531068,NATIVE,1,1275,1650,69,0944
2026-05-26T03:10:36.3452157,PDFBOX,1,1275,1649,257,3133
2026-05-26T03:10:36.9423709,NATIVE,1,1275,1650,61,1940
2026-05-26T03:10:38.1012251,PDFBOX,1,1275,1649,130,3376
2026-05-26T03:10:39.6793928,NATIVE,1,1275,1650,36,3628
2026-05-26T03:10:40.5742394,PDFBOX,1,1275,1649,72,9080
2026-05-26T03:10:41.4110973,NATIVE,1,1275,1650,38,2518
2026-05-26T03:10:43.0629485,PDFBOX,1,1275,1649,134,4085
2026-05-26T03:10:44.6624825,NATIVE,1,1275,1650,25,8861
2026-05-26T03:10:45.59566,PDFBOX,1,1275,1649,106,5620
2026-05-26T03:10:46.1853232,NATIVE,1,1275,1650,40,4978
2026-05-26T03:10:47.39577,PDFBOX,1,1275,1649,98,7700
2026-05-26T03:12:12.1813164,PDFBOX,1,637,824,413,4003
2026-05-26T03:12:21.7337575,PDFBOX,1,1415,1831,250,2900
2026-05-26T03:12:22.516249,PDFBOX,1,2972,3846,228,7053
2026-05-26T03:12:26.138402,PDFBOX,1,10200,13199,1655,9142
2026-05-26T03:12:27.562302,PDFBOX,1,4288,5549,1205,5063
2026-05-26T03:12:28.9223167,PDFBOX,1,8665,11213,996,6605
2026-05-26T03:12:31.4870005,PDFBOX,1,10200,13199,947,5398
2026-05-26T03:12:32.4063766,PDFBOX,1,3664,4741,325,6793
2026-05-26T03:12:34.0788466,PDFBOX,1,1786,2311,166,7415
2026-05-26T03:12:35.3888274,PDFBOX,1,1100,1423,84,0303
2026-05-26T03:12:36.5372586,PDFBOX,1,757,979,81,6908
2026-05-26T03:12:37.2061208,NATIVE,1,757,979,37,8659
2026-05-26T03:12:39.1892429,NATIVE,1,4745,6141,120,0235
2026-05-26T03:12:40.3619085,NATIVE,1,2220,2873,39,2705
2026-05-26T03:12:41.3897095,NATIVE,1,761,985,33,5835
2026-05-26T03:12:42.4699691,NATIVE,1,1809,2341,43,1820
2026-05-26T03:12:43.403345,NATIVE,1,952,1232,34,5351
2026-05-26T03:12:44.6332544,NATIVE,1,2650,3430,41,7551
2026-05-26T03:12:46.846783,NATIVE,1,2262,2927,52,1241
2026-05-26T03:12:49.088722,NATIVE,1,10200,13200,462,1372
2026-05-26T03:12:50.9122741,PDFBOX,1,10200,13199,1282,4904
2026-05-26T03:12:53.3653846,PDFBOX,1,3975,5144,229,3326
2026-05-26T03:12:56.5812983,PDFBOX,1,1230,1591,61,0571
2026-05-26T03:12:58.1053444,PDFBOX,1,428,555,65,0965
2026-05-26T03:12:59.031474,PDFBOX,1,2586,3346,128,8977
2026-05-26T03:13:02.1732401,PDFBOX,1,10200,13199,1130,4163
2026-05-26T03:13:03.5034279,PDFBOX,1,10200,13199,959,6584
2026-05-26T03:13:10.0732031,NATIVE,1,10200,13200,345,3384
2026-05-26T03:13:11.771941,NATIVE,1,7142,9242,207,8123
2026-05-26T03:13:13.2022187,NATIVE,1,5879,7608,159,1839
2026-05-26T03:13:14.821441,NATIVE,1,3952,5114,87,0636
2026-05-26T03:13:15.869789,NATIVE,1,733,949,27,7052
2026-05-26T03:15:13.4393458,PDFBOX,1,1100,850,599,2521
2026-05-26T03:15:20.9253206,PDFBOX,1,1084,811,271,6855
2026-05-26T03:15:21.5385403,PDFBOX,1,1084,811,205,7384
2026-05-26T03:15:22.9699953,PDFBOX,1,1084,811,64,9076
2026-05-26T03:15:23.4065369,PDFBOX,1,1084,811,70,6332
2026-05-26T03:15:24.9677934,PDFBOX,1,1084,811,147,7012
2026-05-26T03:15:26.241919,PDFBOX,1,1084,811,54,3834
2026-05-26T03:15:27.463398,PDFBOX,1,1084,811,47,3732
2026-05-26T03:15:28.7098788,PDFBOX,1,1084,811,58,3533
2026-05-26T03:15:29.5263662,NATIVE,1,1084,811,33,1405
2026-05-26T03:15:30.3682286,NATIVE,1,1084,811,14,4651
2026-05-26T03:15:30.9708037,NATIVE,1,1084,811,27,2454
2026-05-26T03:15:32.1277296,NATIVE,1,1084,811,32,6068
2026-05-26T03:15:32.9778169,NATIVE,1,1084,811,25,6602
2026-05-26T03:15:33.4647084,NATIVE,1,1084,811,34,6418
2026-05-26T03:15:34.0900396,NATIVE,1,1084,811,27,0291
2026-05-26T03:15:35.0735148,NATIVE,1,1084,811,29,9566
2026-05-26T03:15:36.1498812,NATIVE,1,1084,811,28,9900
2026-05-26T03:15:37.1493877,NATIVE,1,1084,811,42,8754
2026-05-26T03:15:38.0061038,NATIVE,1,1084,811,25,4300
2026-05-26T03:15:38.962384,NATIVE,1,1084,811,28,4318
2026-05-26T03:15:39.7074473,NATIVE,1,1084,811,30,7330
2026-05-26T03:15:41.6634204,NATIVE,1,1084,811,36,4322
2026-05-26T03:15:47.2847136,NATIVE,1,1084,811,44,4183
2026-05-26T03:15:47.6981077,NATIVE,1,1084,811,37,4371
2026-05-26T03:15:48.8489186,NATIVE,1,1084,811,37,5387
2026-05-26T03:15:49.3205062,NATIVE,1,1084,811,27,6915
2026-05-26T03:15:50.1536294,NATIVE,1,1084,811,28,0560
2026-05-26T03:15:52.4539979,NATIVE,1,1084,811,25,4083
2026-05-26T03:15:53.3161637,NATIVE,1,1084,811,39,6794
2026-05-26T03:15:53.9402616,NATIVE,1,1084,811,13,7951
2026-05-26T03:15:54.3537852,NATIVE,1,1084,811,25,6791
2026-05-26T03:15:56.1283376,NATIVE,1,1084,811,25,9374
2026-05-26T03:15:57.0943102,NATIVE,1,1084,811,26,0387
2026-05-26T03:15:58.3605368,NATIVE,1,1084,811,26,8095
2026-05-26T03:15:59.6526106,NATIVE,1,1084,811,40,2728
2026-05-26T03:16:00.9331346,NATIVE,1,1084,811,43,4035
2026-05-26T03:16:02.017942,NATIVE,1,1084,811,26,9235
2026-05-26T03:16:03.6661324,NATIVE,1,1084,811,32,7383
2026-05-26T03:16:04.4267669,NATIVE,1,1084,811,18,7371
2026-05-26T03:16:08.6883071,NATIVE,1,1084,811,41,6414
2026-05-26T03:16:09.2555561,PDFBOX,1,1084,811,90,9399
2026-05-26T03:16:11.0709756,PDFBOX,1,1084,811,97,5468
2026-05-26T03:16:12.8671811,PDFBOX,1,1084,811,188,8653
2026-05-26T03:16:14.1831618,PDFBOX,1,1084,811,125,6084
2026-05-26T03:16:15.0566295,PDFBOX,1,1084,811,56,9318
2026-05-26T03:20:59.9507962,PDFBOX,1,1100,850,431,6789
2026-05-26T03:21:02.6501384,PDFBOX,1,1084,811,145,6934
2026-05-26T03:21:03.6709674,PDFBOX,1,1084,811,107,4177
2026-05-26T03:21:04.7157924,NATIVE,1,1084,811,21,7682
2026-05-26T03:21:06.0667138,NATIVE,1,1084,811,46,4510
2026-05-26T03:21:06.9686493,NATIVE,1,1084,811,26,5616
2026-05-26T03:21:08.5210392,NATIVE,1,1084,811,43,4807
2026-05-26T03:21:09.0285173,NATIVE,1,1084,811,39,9557
2026-05-26T03:21:09.4891395,NATIVE,1,1084,811,35,9855
2026-05-26T03:21:09.873033,NATIVE,1,1084,811,29,5702
2026-05-26T03:21:10.8058684,NATIVE,1,1084,811,15,5104
2026-05-26T03:21:11.7170006,NATIVE,1,1084,811,26,9774
2026-05-26T03:21:12.0966598,NATIVE,1,1084,811,23,2823
2026-05-26T03:21:12.5268019,NATIVE,1,1084,811,19,9630
2026-05-26T03:21:13.5088185,NATIVE,1,1084,811,29,5748
2026-05-26T03:21:14.3730233,NATIVE,1,1084,811,26,0917
2026-05-26T03:21:15.2800088,NATIVE,1,1084,811,47,4010
2026-05-26T03:21:15.8905421,NATIVE,1,1084,811,38,8434
2026-05-26T03:21:16.7207403,NATIVE,1,1084,811,30,4109
2026-05-26T03:21:17.6280151,NATIVE,1,1084,811,35,8243
2026-05-26T03:21:18.6469524,NATIVE,1,1084,811,41,2679
2026-05-26T03:21:19.5613968,NATIVE,1,1084,811,19,4682
2026-05-26T03:21:20.6714451,NATIVE,1,1084,811,24,5883
2026-05-26T03:21:24.3943261,NATIVE,1,1084,811,36,9743
2026-05-26T03:21:27.3759322,NATIVE,1,1440,937,41,6864
2026-05-26T03:21:27.87135,NATIVE,1,1440,937,26,4553
2026-05-26T03:21:28.7637731,NATIVE,1,1440,937,13,4720
2026-05-26T03:21:29.2663095,NATIVE,1,1440,937,16,0367
2026-05-26T03:21:30.2590507,NATIVE,1,1440,937,10,2712
2026-05-26T03:21:31.0746584,NATIVE,1,1440,937,25,6564
2026-05-26T03:21:31.8245443,NATIVE,1,1440,937,14,0031
2026-05-26T03:21:33.9053616,NATIVE,1,1440,937,30,7587
2026-05-26T03:21:35.4450418,PDFBOX,1,1440,937,85,3365
2026-05-26T03:21:37.9520694,PDFBOX,1,1440,937,106,5915
2026-05-26T03:21:38.3714877,PDFBOX,1,1440,937,67,7037
2026-05-26T03:21:40.4634481,PDFBOX,2,1440,937,351,7354
2026-05-26T03:21:41.296142,PDFBOX,3,1440,937,40,6614
2026-05-26T03:21:41.890303,PDFBOX,4,1440,937,58,3844
2026-05-26T03:23:52.365998,PDFBOX,1,1100,850,527,0406
2026-05-26T03:23:56.4106278,PDFBOX,1,1084,811,225,9445
2026-05-26T03:23:57.9385758,PDFBOX,1,1084,811,134,5848
2026-05-26T03:24:00.0407369,PDFBOX,1,1084,811,804,2499
2026-05-26T03:24:00.5622705,PDFBOX,1,1084,811,116,3144
2026-05-26T03:24:01.7870466,PDFBOX,1,1084,811,74,5679
2026-05-26T03:24:02.7942119,NATIVE,1,1084,811,40,5326
2026-05-26T03:24:03.7803126,NATIVE,1,1084,811,22,2951
2026-05-26T03:24:04.7446533,NATIVE,1,1084,811,37,1590
2026-05-26T03:24:05.6918232,NATIVE,1,1084,811,47,1684
2026-05-26T03:24:06.3391971,NATIVE,1,1084,811,38,1013
2026-05-26T03:24:07.6404197,NATIVE,1,1084,811,21,5109
2026-05-26T03:24:08.6992462,PDFBOX,1,1084,811,78,7819
2026-05-26T03:24:09.908145,PDFBOX,1,1084,811,158,1835
2026-05-26T03:24:11.0165798,PDFBOX,1,1084,811,103,7930
2026-05-26T03:24:12.4183075,PDFBOX,1,1084,811,92,4260
2026-05-26T03:24:13.8175388,PDFBOX,1,1084,811,162,9412
2026-05-26T03:25:40.8487258,PDFBOX,1,1084,811,186,9477
2026-05-26T03:25:43.1712319,PDFBOX,1,1084,811,143,6139
2026-05-26T03:25:44.6703225,PDFBOX,1,1084,811,172,1769
2026-05-26T03:25:52.9167113,PDFBOX,1,1084,811,134,8853
2026-05-26T03:25:53.8215885,PDFBOX,1,1084,811,133,0891
2026-05-26T03:25:58.7147592,NATIVE,1,1084,811,43,7479
2026-05-26T03:26:00.4565344,NATIVE,1,1084,811,40,0477
2026-05-26T03:26:02.1307111,NATIVE,1,1084,811,35,1504
2026-05-26T03:26:07.9194553,NATIVE,1,1084,811,25,8750
2026-05-26T03:26:22.2632495,NATIVE,1,1084,811,33,0746
2026-05-26T03:26:24.1737709,NATIVE,1,1084,811,14,2289
2026-05-26T03:26:24.2694952,NATIVE,1,1084,811,9,4469
2026-05-26T03:26:26.9895451,NATIVE,1,1084,811,31,4595
2026-05-26T03:26:27.0963581,NATIVE,1,1084,811,31,8711
2026-05-26T03:26:28.3831114,NATIVE,1,1084,811,34,4839
2026-05-26T03:26:29.7840373,NATIVE,1,1084,811,39,2239
2026-05-26T03:26:31.1213645,NATIVE,1,1084,811,28,3828
2026-05-26T03:26:31.2215286,NATIVE,1,1084,811,11,3709
2026-05-26T03:28:46.4620268,PDFBOX,1,1100,850,576,6914
2026-05-26T03:28:55.3147767,NATIVE,1,1084,850,35,0967
2026-05-26T03:29:17.2841204,PDFBOX,1,1100,850,474,5423
2026-05-26T03:29:45.2527579,PDFBOX,1,1100,850,497,7094
2026-05-26T03:29:48.2961963,PDFBOX,1,1084,850,176,1105
2026-05-26T03:29:53.7761227,PDFBOX,1,633,850,141,8657
2026-05-26T03:29:54.7465285,PDFBOX,1,633,850,66,2752
2026-05-26T03:29:55.4769846,PDFBOX,1,633,850,100,2210
2026-05-26T03:29:56.0684105,PDFBOX,1,633,850,137,5780
2026-05-26T03:29:57.8392422,PDFBOX,1,633,850,222,5733
2026-05-26T03:29:59.4207866,PDFBOX,1,633,850,475,3183
2026-05-26T03:30:00.3451795,PDFBOX,1,633,850,293,2099
2026-05-26T03:30:01.7324974,PDFBOX,1,633,850,283,5967
2026-05-26T03:30:03.5651271,PDFBOX,1,633,850,247,7773
2026-05-26T03:30:04.0763242,PDFBOX,1,633,850,436,0892
2026-05-26T03:30:05.052916,PDFBOX,1,633,850,274,8014
2026-05-26T03:30:05.405095,NATIVE,1,633,850,56,2774
2026-05-26T03:30:06.9779382,NATIVE,1,633,850,42,4140
2026-05-26T03:30:07.0040685,NATIVE,1,633,850,19,6882
2026-05-26T03:30:07.047882,NATIVE,1,633,850,27,2064
2026-05-26T03:30:07.0828647,NATIVE,1,633,850,26,2757
2026-05-26T03:30:07.1172282,NATIVE,1,633,850,24,5004
2026-05-26T03:30:07.1422749,NATIVE,1,633,850,16,6065
2026-05-26T03:30:07.1752462,NATIVE,1,633,850,21,1105
2026-05-26T03:30:07.2098822,NATIVE,1,633,850,21,0201
2026-05-26T03:30:07.2439497,NATIVE,1,633,850,21,1252
2026-05-26T03:30:07.2720869,NATIVE,1,633,850,21,1169
2026-05-26T03:30:07.299562,NATIVE,1,633,850,18,2668
2026-05-26T03:30:07.3184525,NATIVE,1,633,850,13,7997
2026-05-26T03:30:07.3420764,NATIVE,1,633,850,14,3651
2026-05-26T03:30:07.3613364,NATIVE,1,633,850,12,9220
2026-05-26T03:30:07.3928353,NATIVE,1,633,850,15,0171
2026-05-26T03:30:07.4136577,NATIVE,1,633,850,13,0677
2026-05-26T03:30:07.4396341,NATIVE,1,633,850,16,8729
2026-05-26T03:30:07.4633277,NATIVE,1,633,850,14,7660
2026-05-26T03:30:07.4873738,NATIVE,1,633,850,13,9987
2026-05-26T03:30:07.5064307,NATIVE,1,633,850,14,0083
2026-05-26T03:30:07.5310266,NATIVE,1,633,850,16,9714
2026-05-26T03:30:07.552679,NATIVE,1,633,850,15,6148
2026-05-26T03:30:07.5749107,NATIVE,1,633,850,15,2201
2026-05-26T03:30:07.5945237,NATIVE,1,633,850,14,0845
2026-05-26T03:30:07.6181172,NATIVE,1,633,850,15,9614
2026-05-26T03:30:07.6447372,NATIVE,1,633,850,17,2279
2026-05-26T03:30:07.673379,NATIVE,1,633,850,20,9032
2026-05-26T03:30:07.6949792,NATIVE,1,633,850,16,9742
2026-05-26T03:30:07.7228331,NATIVE,1,633,850,20,3859
2026-05-26T03:30:07.7411482,NATIVE,1,633,850,14,6952
2026-05-26T03:30:07.7706103,NATIVE,1,633,850,16,2152
2026-05-26T03:30:07.8039752,NATIVE,1,633,850,15,1619
2026-05-26T03:30:07.856064,NATIVE,1,633,850,24,8664
2026-05-26T03:30:07.8921482,NATIVE,1,633,850,29,8481
2026-05-26T03:30:07.9197702,NATIVE,1,633,850,19,8207
2026-05-26T03:30:07.9364323,NATIVE,1,633,850,13,3400
2026-05-26T03:30:07.9565632,NATIVE,1,633,850,15,3521
2026-05-26T03:30:07.9901622,NATIVE,1,633,850,28,0977
2026-05-26T03:30:08.015484,NATIVE,1,633,850,18,7514
2026-05-26T03:30:08.0366014,NATIVE,1,633,850,17,0859
2026-05-26T03:30:08.060618,NATIVE,1,633,850,16,6758
2026-05-26T03:30:08.0850268,NATIVE,1,633,850,19,2653
2026-05-26T03:30:08.1140906,NATIVE,1,633,850,22,5062
2026-05-26T03:30:08.1384038,NATIVE,1,633,850,20,4982
2026-05-26T03:30:08.1562515,NATIVE,1,633,850,13,7093
2026-05-26T03:30:08.1760458,NATIVE,1,633,850,15,2125
2026-05-26T03:30:08.1941082,NATIVE,1,633,850,13,0861
2026-05-26T03:30:08.2112099,NATIVE,1,633,850,14,1800
2026-05-26T03:30:08.2350988,NATIVE,1,633,850,18,4050
2026-05-26T03:30:08.2536342,NATIVE,1,633,850,15,1910
2026-05-26T03:30:08.2736427,NATIVE,1,633,850,15,2155
2026-05-26T03:30:08.2912386,NATIVE,1,633,850,13,7426
2026-05-26T03:30:08.3151111,NATIVE,1,633,850,18,2872
2026-05-26T03:30:08.3378366,NATIVE,1,633,850,18,1480
2026-05-26T03:30:08.3625927,NATIVE,1,633,850,18,8515
2026-05-26T03:30:08.3827595,NATIVE,1,633,850,16,3933
2026-05-26T03:30:08.4036467,NATIVE,1,633,850,15,7889
2026-05-26T03:30:08.4230543,NATIVE,1,633,850,16,0086
2026-05-26T03:30:08.442469,NATIVE,1,633,850,14,3208
2026-05-26T03:30:08.4613415,NATIVE,1,633,850,15,0218
2026-05-26T03:30:08.48029,NATIVE,1,633,850,12,8732
2026-05-26T03:30:08.4967933,NATIVE,1,633,850,13,6240
2026-05-26T03:30:08.5613022,NATIVE,1,633,850,27,1256
2026-05-26T03:30:08.5823214,NATIVE,1,633,850,17,3116
2026-05-26T03:30:11.8547047,NATIVE,1,1440,937,25,3165
2026-05-26T03:30:11.8819644,NATIVE,1,1440,937,21,4432
2026-05-26T03:30:11.9365169,NATIVE,1,1440,937,39,8889
2026-05-26T03:30:11.9855297,NATIVE,1,1440,937,37,9016
2026-05-26T03:30:12.0404001,NATIVE,1,1440,937,37,7542
2026-05-26T03:30:12.0735814,NATIVE,1,1440,937,27,1381
2026-05-26T03:30:12.1181449,NATIVE,1,1440,937,28,9184
2026-05-26T03:30:12.1657594,NATIVE,1,1440,937,36,1845
2026-05-26T03:30:12.2380471,NATIVE,1,1440,937,40,3632
2026-05-26T03:30:12.2763727,NATIVE,1,1440,937,27,9251
2026-05-26T03:30:12.3069367,NATIVE,1,1440,937,20,1380
2026-05-26T03:30:12.3418566,NATIVE,1,1440,937,29,3971
2026-05-26T03:30:12.3744315,NATIVE,1,1440,937,20,8575
2026-05-26T03:30:12.3971338,NATIVE,1,1440,937,18,2518
2026-05-26T03:30:12.4269982,NATIVE,1,1440,937,17,0063
2026-05-26T03:30:12.4600345,NATIVE,1,1440,937,24,2626
2026-05-26T03:30:12.4916248,NATIVE,1,1440,937,18,5792
2026-05-26T03:30:12.5181283,NATIVE,1,1440,937,18,1087
2026-05-26T03:30:12.5542517,NATIVE,1,1440,937,22,8493
2026-05-26T03:30:12.6063112,NATIVE,1,1440,937,37,2385
2026-05-26T03:30:12.6591026,NATIVE,1,1440,937,32,2936
2026-05-26T03:30:12.6989519,NATIVE,1,1440,937,23,3240
2026-05-26T03:30:12.7365349,NATIVE,1,1440,937,24,3733
2026-05-26T03:30:12.7667927,NATIVE,1,1440,937,26,7404
2026-05-26T03:30:12.8088908,NATIVE,1,1440,937,31,8325
2026-05-26T03:30:12.8314993,NATIVE,1,1440,937,18,3777
2026-05-26T03:30:12.8612295,NATIVE,1,1440,937,21,6156
2026-05-26T03:30:12.898825,NATIVE,1,1440,937,32,8102
2026-05-26T03:30:12.9381882,NATIVE,1,1440,937,28,7572
2026-05-26T03:30:12.9698578,NATIVE,1,1440,937,27,5839
2026-05-26T03:30:12.9986602,NATIVE,1,1440,937,19,3218
2026-05-26T03:30:13.0251223,NATIVE,1,1440,937,21,5662
2026-05-26T03:30:13.5565094,NATIVE,1,1440,937,27,5941
2026-05-26T03:30:13.5814811,NATIVE,1,1440,937,20,1420
2026-05-26T03:30:13.6078716,NATIVE,1,1440,937,17,8140
2026-05-26T03:30:13.629502,NATIVE,1,1440,937,17,1153
2026-05-26T03:30:13.6541033,NATIVE,1,1440,937,16,9806
2026-05-26T03:30:13.67778,NATIVE,1,1440,937,18,4973
2026-05-26T03:30:13.7067321,NATIVE,1,1440,937,21,0343
2026-05-26T03:30:13.7305699,NATIVE,1,1440,937,19,8609
2026-05-26T03:30:13.7719372,NATIVE,1,1440,937,28,0199
2026-05-26T03:30:13.7951732,NATIVE,1,1440,937,18,7146
2026-05-26T03:30:13.8257692,NATIVE,1,1440,937,20,4225
2026-05-26T03:30:13.8582321,NATIVE,1,1440,937,26,1304
2026-05-26T03:30:13.8870558,NATIVE,1,1440,937,19,2077
2026-05-26T03:30:13.915121,NATIVE,1,1440,937,20,0195
2026-05-26T03:30:13.9611262,NATIVE,1,1440,937,32,2676
2026-05-26T03:30:13.9994014,NATIVE,1,1440,937,32,4705
2026-05-26T03:30:14.0404455,NATIVE,1,1440,937,29,4650
2026-05-26T03:30:14.0739678,NATIVE,1,1440,937,27,2953
2026-05-26T03:30:14.1019568,NATIVE,1,1440,937,18,0794
2026-05-26T03:30:14.1237971,NATIVE,1,1440,937,17,5550
2026-05-26T03:30:14.151213,NATIVE,1,1440,937,17,8749
2026-05-26T03:30:14.1742753,NATIVE,1,1440,937,18,4150
2026-05-26T03:30:14.2015091,NATIVE,1,1440,937,17,6040
2026-05-26T03:30:14.2229192,NATIVE,1,1440,937,16,4045
2026-05-26T03:30:14.2565827,NATIVE,1,1440,937,22,5254
2026-05-26T03:30:14.2816923,NATIVE,1,1440,937,20,4516
2026-05-26T03:30:14.3118569,NATIVE,1,1440,937,20,0036
2026-05-26T03:30:14.3357588,NATIVE,1,1440,937,18,5416
2026-05-26T03:30:14.3641507,NATIVE,1,1440,937,19,0993
2026-05-26T03:30:14.3889351,NATIVE,1,1440,937,20,1990
2026-05-26T03:30:14.4202702,NATIVE,1,1440,937,21,7327
2026-05-26T03:30:14.4450683,NATIVE,1,1440,937,19,5246
2026-05-26T03:30:14.4722871,NATIVE,1,1440,937,18,2483
2026-05-26T03:30:14.5015195,NATIVE,1,1440,937,24,2121
2026-05-26T03:30:14.5283033,NATIVE,1,1440,937,18,5494
2026-05-26T03:30:14.553751,NATIVE,1,1440,937,20,6810
2026-05-26T03:30:14.5823926,NATIVE,1,1440,937,19,8601
2026-05-26T03:30:14.606025,NATIVE,1,1440,937,19,2347
2026-05-26T03:30:14.6361041,NATIVE,1,1440,937,19,8063
2026-05-26T03:30:14.6681664,NATIVE,1,1440,937,24,9461
2026-05-26T03:30:14.693329,NATIVE,1,1440,937,15,8669
2026-05-26T03:30:14.71454,NATIVE,1,1440,937,17,0521
2026-05-26T03:30:14.7460745,NATIVE,1,1440,937,20,4469
2026-05-26T03:30:14.7720695,NATIVE,1,1440,937,21,4750
2026-05-26T03:30:14.8112004,NATIVE,1,1440,937,26,4680
2026-05-26T03:30:14.85416,NATIVE,1,1440,937,34,5737
2026-05-26T03:30:14.9048965,NATIVE,1,1440,937,33,3158
2026-05-26T03:30:14.9449945,NATIVE,1,1440,937,33,4503
2026-05-26T03:30:14.9720416,NATIVE,1,1440,937,17,1448
2026-05-26T03:30:15.004431,NATIVE,1,1440,937,24,3991
2026-05-26T03:30:15.0362454,NATIVE,1,1440,937,20,6458
2026-05-26T03:30:15.072948,NATIVE,1,1440,937,26,8095
2026-05-26T03:30:15.1165254,NATIVE,1,1440,937,29,9297
2026-05-26T03:30:15.1492806,NATIVE,1,1440,937,28,2340
2026-05-26T03:30:15.1896098,NATIVE,1,1440,937,28,4674
2026-05-26T03:30:15.2157864,NATIVE,1,1440,937,21,6451
2026-05-26T03:30:15.2439939,NATIVE,1,1440,937,19,2443
2026-05-26T03:30:15.2679083,NATIVE,1,1440,937,19,1845
2026-05-26T03:30:15.2970335,NATIVE,1,1440,937,19,9471
2026-05-26T03:30:15.331402,NATIVE,1,1440,937,28,9246
2026-05-26T03:30:15.3603408,NATIVE,1,1440,937,18,9768
2026-05-26T03:30:15.3950935,NATIVE,1,1440,937,29,6442
2026-05-26T03:30:15.4272294,NATIVE,1,1440,937,21,8037
2026-05-26T03:30:15.4529836,NATIVE,1,1440,937,20,3117
2026-05-26T03:30:15.4829048,NATIVE,1,1440,937,18,8576
2026-05-26T03:30:15.5065367,NATIVE,1,1440,937,18,6018
2026-05-26T03:30:15.5364294,NATIVE,1,1440,937,19,8619
2026-05-26T03:30:15.5637013,NATIVE,1,1440,937,20,5837
2026-05-26T03:30:15.5914846,NATIVE,1,1440,937,18,3112
2026-05-26T03:30:15.6164071,NATIVE,1,1440,937,19,3737
2026-05-26T03:30:15.643929,NATIVE,1,1440,937,18,1661
2026-05-26T03:30:15.6695118,NATIVE,1,1440,937,20,3403
2026-05-26T03:30:15.6949819,NATIVE,1,1440,937,16,4659
2026-05-26T03:30:15.7224123,NATIVE,1,1440,937,20,9618
2026-05-26T03:30:15.7546539,NATIVE,1,1440,937,20,6744
2026-05-26T03:30:15.7781755,NATIVE,1,1440,937,18,5747
2026-05-26T03:30:15.8100077,NATIVE,1,1440,937,21,1065
2026-05-26T03:30:15.8323472,NATIVE,1,1440,937,17,3004
2026-05-26T03:30:15.8602493,NATIVE,1,1440,937,17,8967
2026-05-26T03:30:15.8981186,NATIVE,1,1440,937,31,3552
2026-05-26T03:30:15.9341514,NATIVE,1,1440,937,21,2492
2026-05-26T03:30:15.972917,NATIVE,1,1440,937,33,5844
2026-05-26T03:30:16.0055889,NATIVE,1,1440,937,24,4011
2026-05-26T03:30:16.0354742,NATIVE,1,1440,937,24,3054
2026-05-26T03:30:16.0684058,NATIVE,1,1440,937,22,8745
2026-05-26T03:30:16.0939373,NATIVE,1,1440,937,19,9120
2026-05-26T03:30:16.1229823,NATIVE,1,1440,937,19,5678
2026-05-26T03:30:16.1526722,NATIVE,1,1440,937,24,1105
2026-05-26T03:30:16.1879788,NATIVE,1,1440,937,24,4153
2026-05-26T03:30:16.2156211,NATIVE,1,1440,937,22,2143
2026-05-26T03:30:16.2566128,NATIVE,1,1440,937,30,3004
2026-05-26T03:30:16.2891393,NATIVE,1,1440,937,26,5155
2026-05-26T03:30:16.3226817,NATIVE,1,1440,937,23,4734
2026-05-26T03:30:16.3468873,NATIVE,1,1440,937,19,7576
2026-05-26T03:30:16.3733409,NATIVE,1,1440,937,17,5888
2026-05-26T03:30:16.3969241,NATIVE,1,1440,937,19,2360
2026-05-26T03:30:16.4268199,NATIVE,1,1440,937,20,2762
2026-05-26T03:30:16.4514183,NATIVE,1,1440,937,19,7703
2026-05-26T03:30:16.483645,NATIVE,1,1440,937,23,1336
2026-05-26T03:30:16.5072046,NATIVE,1,1440,937,18,7714
2026-05-26T03:30:16.5409321,NATIVE,1,1440,937,22,8019
2026-05-26T03:30:16.5677945,NATIVE,1,1440,937,22,2024
2026-05-26T03:30:16.6008378,NATIVE,1,1440,937,22,8116
2026-05-26T03:30:16.6269223,NATIVE,1,1440,937,20,9808
2026-05-26T03:30:16.6569735,NATIVE,1,1440,937,18,7603
2026-05-26T03:30:16.6823268,NATIVE,1,1440,937,20,1001
2026-05-26T03:30:16.7108207,NATIVE,1,1440,937,18,6608
2026-05-26T03:30:16.7344842,NATIVE,1,1440,937,18,7377
2026-05-26T03:30:16.7641005,NATIVE,1,1440,937,19,8523
2026-05-26T03:30:16.7886205,NATIVE,1,1440,937,19,3138
2026-05-26T03:30:16.8186458,NATIVE,1,1440,937,19,6681
2026-05-26T03:30:16.845667,NATIVE,1,1440,937,21,6215
2026-05-26T03:30:16.8762704,NATIVE,1,1440,937,20,6192
2026-05-26T03:30:16.903981,NATIVE,1,1440,937,21,7182
2026-05-26T03:30:16.9367562,NATIVE,1,1440,937,20,6925
2026-05-26T03:30:16.9691083,NATIVE,1,1440,937,26,7176
2026-05-26T03:30:17.0021374,NATIVE,1,1440,937,23,1647
2026-05-26T03:30:17.0252462,NATIVE,1,1440,937,17,9454
2026-05-26T03:30:17.0521468,NATIVE,1,1440,937,18,4218
2026-05-26T03:30:17.0763851,NATIVE,1,1440,937,18,9195
2026-05-26T03:30:17.1028982,NATIVE,1,1440,937,17,4554
2026-05-26T03:30:17.1270399,NATIVE,1,1440,937,18,9744
2026-05-26T03:30:17.1588345,NATIVE,1,1440,937,21,9764
2026-05-26T03:30:17.1844646,NATIVE,1,1440,937,19,9381
2026-05-26T03:30:17.2119391,NATIVE,1,1440,937,17,9712
2026-05-26T03:30:17.2352181,NATIVE,1,1440,937,18,5109
2026-05-26T03:30:17.2642097,NATIVE,1,1440,937,18,8177
2026-05-26T03:30:17.2958742,NATIVE,1,1440,937,22,7763
2026-05-26T03:30:17.3299341,NATIVE,1,1440,937,23,1969
2026-05-26T03:30:17.3678797,NATIVE,1,1440,937,30,8069
2026-05-26T03:30:17.4086675,NATIVE,1,1440,937,27,8863
2026-05-26T03:30:17.442325,NATIVE,1,1440,937,27,7203
2026-05-26T03:30:17.4709489,NATIVE,1,1440,937,19,3952
2026-05-26T03:30:17.4978387,NATIVE,1,1440,937,20,4212
2026-05-26T03:30:17.5266276,NATIVE,1,1440,937,19,8883
2026-05-26T03:30:17.5540821,NATIVE,1,1440,937,20,0650
2026-05-26T03:30:17.5865596,NATIVE,1,1440,937,21,9294
2026-05-26T03:30:17.6165595,NATIVE,1,1440,937,23,8049
2026-05-26T03:30:17.6456496,NATIVE,1,1440,937,18,7785
2026-05-26T03:30:17.6716247,NATIVE,1,1440,937,20,8347
2026-05-26T03:30:17.7014616,NATIVE,1,1440,937,19,4320
2026-05-26T03:30:17.7285169,NATIVE,1,1440,937,19,7714
2026-05-26T03:30:17.7573309,NATIVE,1,1440,937,19,0920
2026-05-26T03:30:17.7822131,NATIVE,1,1440,937,19,0733
2026-05-26T03:30:17.8269572,NATIVE,1,1440,937,28,0508
2026-05-26T03:30:17.8648401,NATIVE,1,1440,937,28,2550
2026-05-26T03:30:17.902206,NATIVE,1,1440,937,24,4476
2026-05-26T03:30:17.9417314,NATIVE,1,1440,937,29,9444
2026-05-26T03:30:17.982544,NATIVE,1,1440,937,25,8023
2026-05-26T03:30:18.0269165,NATIVE,1,1440,937,33,0489
2026-05-26T03:30:18.0704657,NATIVE,1,1440,937,29,8774
2026-05-26T03:30:18.1102372,NATIVE,1,1440,937,30,0845
2026-05-26T03:30:18.1538901,NATIVE,1,1440,937,28,5504
2026-05-26T03:30:18.1951679,NATIVE,1,1440,937,30,3047
2026-05-26T03:30:18.2400815,NATIVE,1,1440,937,29,4211
2026-05-26T03:30:18.2789788,NATIVE,1,1440,937,29,2780
2026-05-26T03:30:18.3233488,NATIVE,1,1440,937,28,4830
2026-05-26T03:30:18.3628516,NATIVE,1,1440,937,29,5431
2026-05-26T03:30:18.4062155,NATIVE,1,1440,937,27,4134
2026-05-26T03:30:18.4514398,NATIVE,1,1440,937,31,3486
2026-05-26T03:30:18.4960433,NATIVE,1,1440,937,30,4678
2026-05-26T03:30:18.5355844,NATIVE,1,1440,937,30,5573
2026-05-26T03:30:18.5889949,NATIVE,1,1440,937,35,1010
2026-05-26T03:30:18.6312897,NATIVE,1,1440,937,32,8008
2026-05-26T03:30:18.6797857,NATIVE,1,1440,937,32,2511
2026-05-26T03:30:18.7199267,NATIVE,1,1440,937,29,9611
2026-05-26T03:30:18.7642737,NATIVE,1,1440,937,29,5874
2026-05-26T03:30:18.8019113,NATIVE,1,1440,937,28,0325
2026-05-26T03:30:18.8533892,NATIVE,1,1440,937,34,7453
2026-05-26T03:30:18.8947497,NATIVE,1,1440,937,30,9180
2026-05-26T03:30:18.9373217,NATIVE,1,1440,937,25,5717
2026-05-26T03:30:18.9739771,NATIVE,1,1440,937,27,0975
2026-05-26T03:30:19.016874,NATIVE,1,1440,937,27,7246
2026-05-26T03:30:19.0466866,NATIVE,1,1440,937,24,4453
2026-05-26T03:30:19.0755434,NATIVE,1,1440,937,18,7492
2026-05-26T03:30:19.1018499,NATIVE,1,1440,937,20,7699
2026-05-26T03:30:19.1337784,NATIVE,1,1440,937,22,6258
2026-05-26T03:30:19.7812941,NATIVE,1,1440,937,21,3960
2026-05-26T03:30:19.8098471,NATIVE,1,1440,937,21,6069
2026-05-26T03:30:19.8362087,NATIVE,1,1440,937,17,1042
2026-05-26T03:30:19.860297,NATIVE,1,1440,937,18,8731
2026-05-26T03:30:19.8874771,NATIVE,1,1440,937,18,4184
2026-05-26T03:30:19.9091906,NATIVE,1,1440,937,17,0708
2026-05-26T03:30:19.9412246,NATIVE,1,1440,937,22,2670
2026-05-26T03:30:19.9634726,NATIVE,1,1440,937,17,5016
2026-05-26T03:30:19.9885577,NATIVE,1,1440,937,16,6254
2026-05-26T03:30:20.0136957,NATIVE,1,1440,937,20,2065
2026-05-26T03:30:20.0455895,NATIVE,1,1440,937,21,8891
2026-05-26T03:30:20.1237025,NATIVE,1,1440,937,20,2778
2026-05-26T03:30:20.1465136,NATIVE,1,1440,937,18,2552
2026-05-26T03:30:20.1769296,NATIVE,1,1440,937,18,9690
2026-05-26T03:30:20.2022653,NATIVE,1,1440,937,20,7936
2026-05-26T03:30:20.2317465,NATIVE,1,1440,937,20,4003
2026-05-26T03:30:20.2625064,NATIVE,1,1440,937,23,4473
2026-05-26T03:30:20.2927893,NATIVE,1,1440,937,20,2784
2026-05-26T03:30:20.318732,NATIVE,1,1440,937,21,1172
2026-05-26T03:30:20.345231,NATIVE,1,1440,937,17,3474
2026-05-26T03:30:20.3681707,NATIVE,1,1440,937,17,6940
2026-05-26T03:30:20.4115891,NATIVE,1,1440,937,29,4760
2026-05-26T03:30:20.4370868,NATIVE,1,1440,937,20,8573
2026-05-26T03:30:20.4649599,NATIVE,1,1440,937,17,9911
2026-05-26T03:30:20.4880627,NATIVE,1,1440,937,17,9793
2026-05-26T03:30:20.5257422,NATIVE,1,1440,937,26,8014
2026-05-26T03:30:20.5525592,NATIVE,1,1440,937,20,6582
2026-05-26T03:30:20.5836801,NATIVE,1,1440,937,20,4579
2026-05-26T03:30:20.6107535,NATIVE,1,1440,937,20,8006
2026-05-26T03:30:20.6500973,NATIVE,1,1440,937,28,6377
2026-05-26T03:30:20.6770958,NATIVE,1,1440,937,21,6102
2026-05-26T03:30:20.714183,NATIVE,1,1440,937,25,8402
2026-05-26T03:30:20.7489499,NATIVE,1,1440,937,28,7935
2026-05-26T03:30:20.7903104,NATIVE,1,1440,937,29,1779
2026-05-26T03:30:20.8247292,NATIVE,1,1440,937,28,9631
2026-05-26T03:30:20.8535706,NATIVE,1,1440,937,17,7240
2026-05-26T03:30:20.8759468,NATIVE,1,1440,937,17,7547
2026-05-26T03:30:20.9023844,NATIVE,1,1440,937,17,8025
2026-05-26T03:30:20.9266133,NATIVE,1,1440,937,18,6629
2026-05-26T03:30:20.9581682,NATIVE,1,1440,937,21,6398
2026-05-26T03:30:20.98115,NATIVE,1,1440,937,17,1300
2026-05-26T03:30:21.020946,NATIVE,1,1440,937,27,8159
2026-05-26T03:30:21.0469876,NATIVE,1,1440,937,21,3644
2026-05-26T03:30:21.0787406,NATIVE,1,1440,937,21,8865
2026-05-26T03:30:21.1038868,NATIVE,1,1440,937,19,9580
2026-05-26T03:30:21.1367168,NATIVE,1,1440,937,21,9382
2026-05-26T03:30:21.1617945,NATIVE,1,1440,937,20,0291
2026-05-26T03:30:21.1921679,NATIVE,1,1440,937,21,5099
2026-05-26T03:30:21.2179822,NATIVE,1,1440,937,21,1343
2026-05-26T03:30:21.246273,NATIVE,1,1440,937,18,9229
2026-05-26T03:30:21.2728454,NATIVE,1,1440,937,21,3795
2026-05-26T03:30:21.2994523,NATIVE,1,1440,937,17,7044
2026-05-26T03:30:21.328715,NATIVE,1,1440,937,21,9362
2026-05-26T03:30:21.3646145,NATIVE,1,1440,937,24,3741
2026-05-26T03:30:21.4130573,NATIVE,1,1440,937,25,5019
2026-05-26T03:30:21.4564846,NATIVE,1,1440,937,29,9598
2026-05-26T03:30:21.4908021,NATIVE,1,1440,937,25,6533
2026-05-26T03:30:21.5307027,NATIVE,1,1440,937,26,7958
2026-05-26T03:30:21.5667992,NATIVE,1,1440,937,28,2564
2026-05-26T03:30:21.6044697,NATIVE,1,1440,937,22,4991
2026-05-26T03:30:21.6326137,NATIVE,1,1440,937,20,5327
2026-05-26T03:30:21.6716979,NATIVE,1,1440,937,25,6007
2026-05-26T03:30:21.6968795,NATIVE,1,1440,937,18,6961
2026-05-26T03:30:21.7301117,NATIVE,1,1440,937,21,2212
2026-05-26T03:30:21.75812,NATIVE,1,1440,937,18,7339
2026-05-26T03:30:21.801366,NATIVE,1,1440,937,26,6529
2026-05-26T03:30:21.8331886,NATIVE,1,1440,937,24,3417
2026-05-26T03:30:21.8669394,NATIVE,1,1440,937,21,2939
2026-05-26T03:30:21.9014868,NATIVE,1,1440,937,26,2169
2026-05-26T03:30:21.9387498,NATIVE,1,1440,937,24,1932
2026-05-26T03:30:21.9632213,NATIVE,1,1440,937,17,2622
2026-05-26T03:30:21.9951624,NATIVE,1,1440,937,18,9215
2026-05-26T03:30:22.0319196,NATIVE,1,1440,937,28,6681
2026-05-26T03:30:22.0691836,NATIVE,1,1440,937,24,1898
2026-05-26T03:30:22.0969885,NATIVE,1,1440,937,20,4141
2026-05-26T03:30:22.1302788,NATIVE,1,1440,937,20,6077
2026-05-26T03:30:22.1603888,NATIVE,1,1440,937,21,5960
2026-05-26T03:30:22.3371619,NATIVE,1,1440,937,34,5015
2026-05-26T03:30:22.3713368,NATIVE,1,1440,937,26,0248
2026-05-26T03:30:22.4120048,NATIVE,1,1440,937,26,7381
2026-05-26T03:30:22.4467574,NATIVE,1,1440,937,27,3222
2026-05-26T03:30:22.4937808,NATIVE,1,1440,937,33,0471
2026-05-26T03:30:22.5239858,NATIVE,1,1440,937,22,6476
2026-05-26T03:30:22.5625403,NATIVE,1,1440,937,23,3022
2026-05-26T03:30:22.600045,NATIVE,1,1440,937,29,7054
2026-05-26T03:30:22.6345687,NATIVE,1,1440,937,22,3266
2026-05-26T03:30:22.6606505,NATIVE,1,1440,937,19,3011
2026-05-26T03:30:22.7047943,NATIVE,1,1440,937,25,8496
2026-05-26T03:30:22.7371541,NATIVE,1,1440,937,23,9776
2026-05-26T03:30:22.7778909,NATIVE,1,1440,937,22,9762
2026-05-26T03:30:22.8095044,NATIVE,1,1440,937,22,1385
2026-05-26T03:30:22.8386884,NATIVE,1,1440,937,18,1750
2026-05-26T03:30:22.8797896,NATIVE,1,1440,937,27,7680
2026-05-26T03:30:22.925209,NATIVE,1,1440,937,32,1692
2026-05-26T03:30:22.9663782,NATIVE,1,1440,937,30,4833
2026-05-26T03:30:23.0068094,NATIVE,1,1440,937,26,6058
2026-05-26T03:30:23.0411881,NATIVE,1,1440,937,27,1998
2026-05-26T03:30:23.0735406,NATIVE,1,1440,937,20,1769
2026-05-26T03:30:23.101419,NATIVE,1,1440,937,21,1170
2026-05-26T03:30:23.138309,NATIVE,1,1440,937,24,3912
2026-05-26T03:30:23.1664407,NATIVE,1,1440,937,20,9325
2026-05-26T03:30:23.1966726,NATIVE,1,1440,937,18,3303
2026-05-26T03:30:23.2217093,NATIVE,1,1440,937,18,0836
2026-05-26T03:30:23.2500824,NATIVE,1,1440,937,16,9776
2026-05-26T03:30:23.2815595,NATIVE,1,1440,937,20,7853
2026-05-26T03:30:23.31991,NATIVE,1,1440,937,24,8480
2026-05-26T03:30:23.3517868,NATIVE,1,1440,937,24,8743
2026-05-26T03:30:24.0044022,PDFBOX,1,1440,937,362,4689
2026-05-26T03:30:27.2336877,PDFBOX,1,1440,937,295,2221
2026-05-26T03:30:28.6380827,PDFBOX,1,1440,937,254,7583
2026-05-26T03:30:30.7280834,PDFBOX,1,1440,937,183,4163
2026-05-26T03:30:30.9254799,NATIVE,1,1440,937,36,3731
2026-05-26T03:30:32.5805139,NATIVE,1,1440,937,17,4526
2026-05-26T03:30:32.6042542,NATIVE,1,1440,937,20,0002
2026-05-26T03:30:32.6317981,NATIVE,1,1440,937,16,8980
2026-05-26T03:30:32.6555325,NATIVE,1,1440,937,19,8312
2026-05-26T03:30:32.6839,NATIVE,1,1440,937,20,1594
2026-05-26T03:30:32.7102302,NATIVE,1,1440,937,19,9385
2026-05-26T03:30:32.7466553,NATIVE,1,1440,937,26,2309
2026-05-26T03:30:32.7772309,NATIVE,1,1440,937,23,1800
2026-05-26T03:30:32.8169985,NATIVE,1,1440,937,25,1206
2026-05-26T03:30:32.8449231,NATIVE,1,1440,937,22,4480
2026-05-26T03:30:32.8717737,NATIVE,1,1440,937,18,2024
2026-05-26T03:30:32.9003652,NATIVE,1,1440,937,24,3916
2026-05-26T03:30:32.9313134,NATIVE,1,1440,937,21,9064
2026-05-26T03:30:32.9639667,NATIVE,1,1440,937,26,4093
2026-05-26T03:30:32.9982853,NATIVE,1,1440,937,23,5811
2026-05-26T03:30:33.0272026,NATIVE,1,1440,937,21,8248
2026-05-26T03:30:33.060452,NATIVE,1,1440,937,22,7878
2026-05-26T03:30:33.0836757,NATIVE,1,1440,937,18,2518
2026-05-26T03:30:33.1111674,NATIVE,1,1440,937,18,1213
2026-05-26T03:30:33.1388608,NATIVE,1,1440,937,22,2967
2026-05-26T03:30:33.1766127,NATIVE,1,1440,937,24,7156
2026-05-26T03:30:33.2033725,NATIVE,1,1440,937,20,5490
2026-05-26T03:30:33.242426,NATIVE,1,1440,937,26,3959
2026-05-26T03:30:33.2719204,NATIVE,1,1440,937,22,1205
2026-05-26T03:30:33.3085991,NATIVE,1,1440,937,27,0968
2026-05-26T03:30:33.3403234,NATIVE,1,1440,937,25,2222
2026-05-26T03:30:33.3758595,NATIVE,1,1440,937,25,1067
2026-05-26T03:30:33.40298,NATIVE,1,1440,937,22,2646
2026-05-26T03:30:33.4300102,NATIVE,1,1440,937,18,0066
2026-05-26T03:30:33.4533323,NATIVE,1,1440,937,17,8464
2026-05-26T03:30:33.4846734,NATIVE,1,1440,937,20,4376
2026-05-26T03:30:33.5074003,NATIVE,1,1440,937,18,5337
2026-05-26T03:30:33.5353734,NATIVE,1,1440,937,18,7029
2026-05-26T03:30:33.55673,NATIVE,1,1440,937,17,0180
2026-05-26T03:30:33.5825924,NATIVE,1,1440,937,16,3153
2026-05-26T03:30:33.6042952,NATIVE,1,1440,937,17,0175
2026-05-26T03:30:33.6308349,NATIVE,1,1440,937,17,3310
2026-05-26T03:30:33.6531999,NATIVE,1,1440,937,17,2464
2026-05-26T03:30:33.679197,NATIVE,1,1440,937,17,2883
2026-05-26T03:30:33.7014786,NATIVE,1,1440,937,18,0620
2026-05-26T03:30:33.7284397,NATIVE,1,1440,937,18,6735
2026-05-26T03:30:33.7511591,NATIVE,1,1440,937,18,2084
2026-05-26T03:30:33.77867,NATIVE,1,1440,937,17,8838
2026-05-26T03:30:33.80451,NATIVE,1,1440,937,20,8640
2026-05-26T03:30:33.846116,NATIVE,1,1440,937,28,9628
2026-05-26T03:30:33.8712454,NATIVE,1,1440,937,19,6256
2026-05-26T03:30:33.9179139,NATIVE,1,1440,937,29,5172
2026-05-26T03:30:33.9563832,NATIVE,1,1440,937,31,7732
2026-05-26T03:30:33.9963694,NATIVE,1,1440,937,28,1659
2026-05-26T03:30:34.0229731,NATIVE,1,1440,937,20,7894
2026-05-26T03:30:34.0472821,NATIVE,1,1440,937,15,8458
2026-05-26T03:30:34.0711083,NATIVE,1,1440,937,18,9003
2026-05-26T03:30:34.0962432,NATIVE,1,1440,937,16,9815
2026-05-26T03:30:34.1172047,NATIVE,1,1440,937,16,8998
2026-05-26T03:30:34.1508537,NATIVE,1,1440,937,23,4581
2026-05-26T03:30:34.1781917,NATIVE,1,1440,937,23,0141
2026-05-26T03:30:34.2190216,NATIVE,1,1440,937,28,1498
2026-05-26T03:30:34.2551797,NATIVE,1,1440,937,29,5448
2026-05-26T03:30:34.287966,NATIVE,1,1440,937,21,1017
2026-05-26T03:30:34.3202486,NATIVE,1,1440,937,27,0982
2026-05-26T03:30:34.3549609,NATIVE,1,1440,937,23,6283
2026-05-26T03:30:34.3812813,NATIVE,1,1440,937,21,3603
2026-05-26T03:30:34.4137447,NATIVE,1,1440,937,21,8615
2026-05-26T03:30:34.4436822,NATIVE,1,1440,937,24,3685
2026-05-26T03:30:34.4766255,NATIVE,1,1440,937,22,9065
2026-05-26T03:30:34.5019626,NATIVE,1,1440,937,21,8183
2026-05-26T03:30:34.5350913,NATIVE,1,1440,937,23,0877
2026-05-26T03:30:34.5591999,NATIVE,1,1440,937,19,9110
2026-05-26T03:30:34.5868986,NATIVE,1,1440,937,19,7615
2026-05-26T03:30:34.6146285,NATIVE,1,1440,937,23,2275
2026-05-26T03:34:06.1162588,PDFBOX,1,1100,850,627,2651
2026-05-26T03:34:10.5788276,PDFBOX,1,633,850,142,2041
2026-05-26T03:34:10.7303534,PDFBOX,1,633,850,87,7478
2026-05-26T03:34:14.3478024,PDFBOX,1,633,850,162,1718
2026-05-26T03:34:16.0202219,PDFBOX,1,633,850,411,4431
2026-05-26T03:34:17.1536226,PDFBOX,1,633,850,302,0400
2026-05-26T03:34:18.578094,PDFBOX,1,633,850,271,9468
2026-05-26T03:34:18.9214528,PDFBOX,1,633,850,153,2382
2026-05-26T03:34:19.2786791,NATIVE,1,633,850,29,3329
2026-05-26T03:34:19.9590606,NATIVE,1,633,850,19,3963
2026-05-26T03:34:19.9817822,NATIVE,1,633,850,17,2053
2026-05-26T03:34:20.0023458,NATIVE,1,633,850,17,7630
2026-05-26T03:34:20.0245926,NATIVE,1,633,850,19,1147
2026-05-26T03:34:20.0492858,NATIVE,1,633,850,18,6787
2026-05-26T03:34:20.0730783,NATIVE,1,633,850,20,2149
2026-05-26T03:34:20.1027042,NATIVE,1,633,850,24,1272
2026-05-26T03:34:20.1296371,NATIVE,1,633,850,23,6780
2026-05-26T03:34:20.1525663,NATIVE,1,633,850,18,7905
2026-05-26T03:34:20.1733547,NATIVE,1,633,850,16,8595
2026-05-26T03:34:20.1944709,NATIVE,1,633,850,17,6591
2026-05-26T03:34:20.2125685,NATIVE,1,633,850,14,8597
2026-05-26T03:34:20.2318457,NATIVE,1,633,850,15,5774
2026-05-26T03:34:20.250675,NATIVE,1,633,850,15,3070
2026-05-26T03:34:20.2703915,NATIVE,1,633,850,15,0542
2026-05-26T03:34:20.2907704,NATIVE,1,633,850,16,3447
2026-05-26T03:34:20.3090543,NATIVE,1,633,850,15,0403
2026-05-26T03:34:20.3275637,NATIVE,1,633,850,14,9403
2026-05-26T03:34:20.3482588,NATIVE,1,633,850,16,9479
2026-05-26T03:34:20.3680699,NATIVE,1,633,850,16,7181
2026-05-26T03:34:20.3890892,NATIVE,1,633,850,17,1475
2026-05-26T03:34:20.4076503,NATIVE,1,633,850,15,0459
2026-05-26T03:34:20.4286722,NATIVE,1,633,850,16,9226
2026-05-26T03:34:20.4486161,NATIVE,1,633,850,16,8242
2026-05-26T03:34:20.4690413,NATIVE,1,633,850,15,9168
2026-05-26T03:34:20.496064,NATIVE,1,633,850,18,4066
2026-05-26T03:34:20.5208422,NATIVE,1,633,850,17,8224
2026-05-26T03:34:20.5442988,NATIVE,1,633,850,20,2289
2026-05-26T03:34:20.5668129,NATIVE,1,633,850,18,9337
2026-05-26T03:34:20.5933898,NATIVE,1,633,850,20,6036
2026-05-26T03:34:20.6154607,NATIVE,1,633,850,18,2272
2026-05-26T03:34:20.6372356,NATIVE,1,633,850,18,4448
2026-05-26T03:34:20.6604705,NATIVE,1,633,850,20,0829
2026-05-26T03:34:20.682576,NATIVE,1,633,850,19,3066
2026-05-26T03:34:20.7035926,NATIVE,1,633,850,17,4417
2026-05-26T03:34:20.7249278,NATIVE,1,633,850,17,1367
2026-05-26T03:34:20.7489744,NATIVE,1,633,850,19,2359
2026-05-26T03:34:20.7725533,NATIVE,1,633,850,19,3988
2026-05-26T03:34:20.7956604,NATIVE,1,633,850,19,6283
2026-05-26T03:34:20.8240334,NATIVE,1,633,850,21,6452
2026-05-26T03:34:20.8485893,NATIVE,1,633,850,20,5470
2026-05-26T03:34:20.8718347,NATIVE,1,633,850,20,1515
2026-05-26T03:34:20.898425,NATIVE,1,633,850,22,2841
2026-05-26T03:34:20.9250172,NATIVE,1,633,850,22,0873
2026-05-26T03:34:20.9529228,NATIVE,1,633,850,23,3394
2026-05-26T03:34:20.9805334,NATIVE,1,633,850,23,5975
2026-05-26T03:34:21.0105069,NATIVE,1,633,850,23,8698
2026-05-26T03:34:21.0393296,NATIVE,1,633,850,24,2977
2026-05-26T03:34:21.0930723,NATIVE,1,633,850,24,6437
2026-05-26T03:34:21.1194013,NATIVE,1,633,850,18,8701
2026-05-26T03:34:21.1411166,NATIVE,1,633,850,18,5537
2026-05-26T03:34:21.164303,NATIVE,1,633,850,19,6557
2026-05-26T03:34:21.2146867,NATIVE,1,633,850,21,1060
2026-05-26T03:34:21.2410703,NATIVE,1,633,850,20,2759
2026-05-26T03:34:21.26279,NATIVE,1,633,850,18,6511
2026-05-26T03:34:21.2860067,NATIVE,1,633,850,20,7473
2026-05-26T03:34:21.3089012,NATIVE,1,633,850,18,0071
2026-05-26T03:34:21.326463,NATIVE,1,633,850,15,1309
2026-05-26T03:34:21.343889,NATIVE,1,633,850,14,3399
2026-05-26T03:34:21.36422,NATIVE,1,633,850,16,4848
2026-05-26T03:34:21.3842717,NATIVE,1,633,850,16,9325
2026-05-26T03:34:21.4045892,NATIVE,1,633,850,17,2839
2026-05-26T03:34:21.4238495,NATIVE,1,633,850,15,3885
2026-05-26T03:34:21.443036,NATIVE,1,633,850,15,7479
2026-05-26T03:34:21.4602683,NATIVE,1,633,850,14,6218
2026-05-26T03:34:21.47848,NATIVE,1,633,850,14,8961
2026-05-26T03:34:21.5001102,NATIVE,1,633,850,17,7934
2026-05-26T03:34:21.5218144,NATIVE,1,633,850,17,0255
2026-05-26T03:34:21.5444043,NATIVE,1,633,850,18,7824
2026-05-26T03:34:21.5690327,NATIVE,1,633,850,20,9641
2026-05-26T03:34:22.5702705,NATIVE,1,633,850,20,6323
2026-05-26T03:34:22.5904158,NATIVE,1,633,850,17,3669
2026-05-26T03:34:22.6092113,NATIVE,1,633,850,15,1628
2026-05-26T03:34:22.6276585,NATIVE,1,633,850,15,5269
2026-05-26T03:34:22.6478145,NATIVE,1,633,850,15,3119
2026-05-26T03:34:22.6660308,NATIVE,1,633,850,16,0155
2026-05-26T03:34:22.6893104,NATIVE,1,633,850,18,6910
2026-05-26T03:34:22.7064841,NATIVE,1,633,850,14,5733
2026-05-26T03:34:22.7259997,NATIVE,1,633,850,15,9920
2026-05-26T03:34:22.7470243,NATIVE,1,633,850,18,1023
2026-05-26T03:34:22.7680349,NATIVE,1,633,850,16,3391
2026-05-26T03:34:22.7878708,NATIVE,1,633,850,17,3502
2026-05-26T03:34:22.8124554,NATIVE,1,633,850,19,5381
2026-05-26T03:34:22.8337805,NATIVE,1,633,850,18,9354
2026-05-26T03:34:22.8549637,NATIVE,1,633,850,16,8556
2026-05-26T03:34:22.8753021,NATIVE,1,633,850,16,0390
2026-05-26T03:34:22.8938798,NATIVE,1,633,850,16,3763
2026-05-26T03:34:22.912436,NATIVE,1,633,850,13,4697
2026-05-26T03:34:22.9372143,NATIVE,1,633,850,16,1712
2026-05-26T03:34:22.9538809,NATIVE,1,633,850,14,5597
2026-05-26T03:34:22.9727531,NATIVE,1,633,850,14,1038
2026-05-26T03:34:22.9959314,NATIVE,1,633,850,19,8881
2026-05-26T03:34:23.0143717,NATIVE,1,633,850,14,4929
2026-05-26T03:34:23.0345107,NATIVE,1,633,850,18,0229
2026-05-26T03:34:23.0578935,NATIVE,1,633,850,18,8051
2026-05-26T03:34:23.0763071,NATIVE,1,633,850,16,0058
2026-05-26T03:34:23.1009127,NATIVE,1,633,850,19,7377
2026-05-26T03:34:23.1248743,NATIVE,1,633,850,21,1008
2026-05-26T03:34:23.149371,NATIVE,1,633,850,19,5071
2026-05-26T03:34:23.1691251,NATIVE,1,633,850,16,8743
2026-05-26T03:34:23.1925297,NATIVE,1,633,850,19,0712
2026-05-26T03:34:23.2170317,NATIVE,1,633,850,20,5878
2026-05-26T03:34:23.2412106,NATIVE,1,633,850,19,7626
2026-05-26T03:34:23.2658632,NATIVE,1,633,850,21,3171
2026-05-26T03:34:23.2921615,NATIVE,1,633,850,21,3727
2026-05-26T03:34:23.3126978,NATIVE,1,633,850,17,8271
2026-05-26T03:34:23.3344761,NATIVE,1,633,850,17,5605
2026-05-26T03:34:23.418637,NATIVE,1,633,850,22,9717
2026-05-26T03:34:23.4370889,NATIVE,1,633,850,15,3766
2026-05-26T03:34:23.4569873,NATIVE,1,633,850,15,1686
2026-05-26T03:34:23.4776655,NATIVE,1,633,850,17,5862
2026-05-26T03:34:23.4995514,NATIVE,1,633,850,17,8892
2026-05-26T03:34:23.5204429,NATIVE,1,633,850,17,7095
2026-05-26T03:34:23.5440052,NATIVE,1,633,850,18,6516
2026-05-26T03:34:23.5657069,NATIVE,1,633,850,18,8735
2026-05-26T03:34:23.5893965,NATIVE,1,633,850,19,3339
2026-05-26T03:34:23.6072308,NATIVE,1,633,850,15,6729
2026-05-26T03:34:23.6309338,NATIVE,1,633,850,18,7546
2026-05-26T03:34:23.9418462,NATIVE,1,633,850,25,5557
2026-05-26T03:34:23.9678815,NATIVE,1,633,850,19,5908
2026-05-26T03:34:23.9862505,NATIVE,1,633,850,16,2924
2026-05-26T03:34:24.0067439,NATIVE,1,633,850,17,9224
2026-05-26T03:34:24.0252673,NATIVE,1,633,850,16,3775
2026-05-26T03:34:24.0444616,NATIVE,1,633,850,14,6280
2026-05-26T03:34:24.0672985,NATIVE,1,633,850,19,5283
2026-05-26T03:34:24.0856803,NATIVE,1,633,850,16,5523
2026-05-26T03:34:24.1036396,NATIVE,1,633,850,15,2173
2026-05-26T03:34:24.1212771,NATIVE,1,633,850,15,5200
2026-05-26T03:34:24.1423284,NATIVE,1,633,850,17,5325
2026-05-26T03:34:24.1632336,NATIVE,1,633,850,17,9985
2026-05-26T03:34:24.1825875,NATIVE,1,633,850,16,8019
2026-05-26T03:34:24.2021492,NATIVE,1,633,850,17,0285
2026-05-26T03:34:24.2192462,NATIVE,1,633,850,14,8162
2026-05-26T03:34:24.2365986,NATIVE,1,633,850,15,0627
2026-05-26T03:34:24.2540726,NATIVE,1,633,850,14,9104
2026-05-26T03:34:24.2733778,NATIVE,1,633,850,15,0426
2026-05-26T03:34:24.2954061,NATIVE,1,633,850,18,9958
2026-05-26T03:34:24.3164954,NATIVE,1,633,850,18,5218
2026-05-26T03:34:24.3380835,NATIVE,1,633,850,18,6733
2026-05-26T03:34:24.3584316,NATIVE,1,633,850,17,9592
2026-05-26T03:34:24.3787413,NATIVE,1,633,850,18,1602
2026-05-26T03:34:24.4004732,NATIVE,1,633,850,19,0594
2026-05-26T03:34:24.4191304,NATIVE,1,633,850,14,8428
2026-05-26T03:34:24.4362318,NATIVE,1,633,850,15,1838
2026-05-26T03:34:24.45144,NATIVE,1,633,850,13,4702
2026-05-26T03:34:24.5414314,NATIVE,1,633,850,14,3584
2026-05-26T03:34:24.5649213,NATIVE,1,633,850,17,2426
2026-05-26T03:34:24.5908939,NATIVE,1,633,850,19,0451
2026-05-26T03:34:24.6174832,NATIVE,1,633,850,21,0920
2026-05-26T03:34:24.6355991,NATIVE,1,633,850,15,1026
2026-05-26T03:34:24.6557446,NATIVE,1,633,850,17,2659
2026-05-26T03:34:24.6763241,NATIVE,1,633,850,17,6904
2026-05-26T03:34:24.6959254,NATIVE,1,633,850,17,4050
2026-05-26T03:34:24.715947,NATIVE,1,633,850,17,2545
2026-05-26T03:34:24.7355378,NATIVE,1,633,850,17,0752
2026-05-26T03:34:24.7554679,NATIVE,1,633,850,15,7377
2026-05-26T03:34:24.7746503,NATIVE,1,633,850,16,3558
2026-05-26T03:34:24.792547,NATIVE,1,633,850,15,3162
2026-05-26T03:34:24.8115833,NATIVE,1,633,850,17,1403
2026-05-26T03:34:24.8316995,NATIVE,1,633,850,16,6369
2026-05-26T03:34:24.848422,NATIVE,1,633,850,14,6961
2026-05-26T03:34:24.8646647,NATIVE,1,633,850,13,6418
2026-05-26T03:34:24.893444,NATIVE,1,633,850,17,2644
2026-05-26T03:34:25.1868104,NATIVE,1,633,850,17,3310
2026-05-26T03:34:25.2058189,NATIVE,1,633,850,14,9030
2026-05-26T03:34:25.2222914,NATIVE,1,633,850,12,9031
2026-05-26T03:34:25.2481113,NATIVE,1,633,850,13,2964
2026-05-26T03:34:25.2751197,NATIVE,1,633,850,16,3463
2026-05-26T03:34:25.2911685,NATIVE,1,633,850,13,1926
2026-05-26T03:34:25.3159232,NATIVE,1,633,850,13,7025
2026-05-26T03:34:25.340203,NATIVE,1,633,850,13,2287
2026-05-26T03:34:25.3586682,NATIVE,1,633,850,14,2999
2026-05-26T03:34:25.3777241,NATIVE,1,633,850,16,8954
2026-05-26T03:34:25.3982186,NATIVE,1,633,850,15,7132
2026-05-26T03:34:25.4183988,NATIVE,1,633,850,17,8932
2026-05-26T03:34:25.444558,NATIVE,1,633,850,21,2495
2026-05-26T03:34:25.4671602,NATIVE,1,633,850,20,2750
2026-05-26T03:34:25.4883247,NATIVE,1,633,850,18,7656
2026-05-26T03:34:25.508391,NATIVE,1,633,850,16,3074
2026-05-26T03:34:25.5264132,NATIVE,1,633,850,14,9984
2026-05-26T03:34:26.1165755,NATIVE,1,633,850,18,3836
2026-05-26T03:34:26.136425,NATIVE,1,633,850,14,9231
2026-05-26T03:34:26.1525826,NATIVE,1,633,850,13,2360
2026-05-26T03:34:26.1759672,NATIVE,1,633,850,13,7540
2026-05-26T03:34:26.1992755,NATIVE,1,633,850,13,3595
2026-05-26T03:34:26.2236768,NATIVE,1,633,850,13,4539
2026-05-26T03:34:26.2472562,NATIVE,1,633,850,14,0184
2026-05-26T03:34:26.2706514,NATIVE,1,633,850,12,8686
2026-05-26T03:34:26.297694,NATIVE,1,633,850,12,5335
2026-05-26T03:34:26.3293707,NATIVE,1,633,850,12,8828
2026-05-26T03:34:26.3483092,NATIVE,1,633,850,14,8076
2026-05-26T03:34:26.6405192,NATIVE,1,633,850,11,8751
2026-05-26T03:34:26.6636798,NATIVE,1,633,850,12,6483
2026-05-26T03:34:26.6811448,NATIVE,1,633,850,13,4495
2026-05-26T03:34:26.6984031,NATIVE,1,633,850,13,5598
2026-05-26T03:34:26.7194146,NATIVE,1,633,850,11,9257
2026-05-26T03:34:26.742986,NATIVE,1,633,850,14,5028
2026-05-26T03:34:26.7588005,NATIVE,1,633,850,13,5782
2026-05-26T03:34:26.7790291,NATIVE,1,633,850,11,7900
2026-05-26T03:34:26.7990514,NATIVE,1,633,850,11,3221
2026-05-26T03:34:26.8220137,NATIVE,1,633,850,11,6379
2026-05-26T03:34:26.8564141,NATIVE,1,633,850,10,7590
2026-05-26T03:34:26.8888773,NATIVE,1,633,850,12,5302
2026-05-26T03:34:27.2943084,NATIVE,1,633,850,16,5863
2026-05-26T03:34:27.3290964,NATIVE,1,633,850,28,0623
2026-05-26T03:34:27.3601458,NATIVE,1,633,850,27,0323
2026-05-26T03:34:27.377382,NATIVE,1,633,850,14,9129
2026-05-26T03:34:27.3962542,NATIVE,1,633,850,13,6903
2026-05-26T03:34:27.411012,NATIVE,1,633,850,12,7799
2026-05-26T03:34:27.4341496,NATIVE,1,633,850,12,9031
2026-05-26T03:34:27.4511634,NATIVE,1,633,850,12,9447
2026-05-26T03:34:27.4728635,NATIVE,1,633,850,12,0238
2026-05-26T03:34:27.5128818,NATIVE,1,633,850,13,0279
2026-05-26T03:34:27.5335961,NATIVE,1,633,850,16,6186
2026-05-26T03:34:27.5523943,NATIVE,1,633,850,15,0757
2026-05-26T03:34:27.5682462,NATIVE,1,633,850,12,2120
2026-05-26T03:34:27.9992425,NATIVE,1,633,850,19,6994
2026-05-26T03:34:28.0186792,NATIVE,1,633,850,14,8906
2026-05-26T03:34:28.0381055,NATIVE,1,633,850,16,2223
2026-05-26T03:34:28.0628184,NATIVE,1,633,850,22,0351
2026-05-26T03:34:28.0833252,NATIVE,1,633,850,15,5065
2026-05-26T03:34:28.1017138,NATIVE,1,633,850,16,2870
2026-05-26T03:34:28.1193024,NATIVE,1,633,850,15,1327
2026-05-26T03:34:28.1369662,NATIVE,1,633,850,15,4622
2026-05-26T03:34:28.1559402,NATIVE,1,633,850,16,5731
2026-05-26T03:34:28.1741915,NATIVE,1,633,850,15,7569
2026-05-26T03:34:28.1917188,NATIVE,1,633,850,14,9343
2026-05-26T03:34:28.2074649,NATIVE,1,633,850,13,6045
2026-05-26T03:34:28.2310497,NATIVE,1,633,850,13,6697
2026-05-26T03:34:28.257944,NATIVE,1,633,850,15,7625
2026-05-26T03:34:28.8978938,NATIVE,1,633,850,22,8288
2026-05-26T03:34:28.926105,NATIVE,1,633,850,22,3478
2026-05-26T03:34:28.9505724,NATIVE,1,633,850,21,3664
2026-05-26T03:34:28.970289,NATIVE,1,633,850,17,1955
2026-05-26T03:34:28.9915432,NATIVE,1,633,850,18,9431
2026-05-26T03:34:29.011943,NATIVE,1,633,850,16,0516
2026-05-26T03:34:29.0327074,NATIVE,1,633,850,18,1418
2026-05-26T03:34:29.0512569,NATIVE,1,633,850,15,6894
2026-05-26T03:34:29.0695061,NATIVE,1,633,850,15,5989
2026-05-26T03:34:29.0908994,NATIVE,1,633,850,19,1745
2026-05-26T03:34:29.1109736,NATIVE,1,633,850,17,6613
2026-05-26T03:34:29.1294037,NATIVE,1,633,850,15,4052
2026-05-26T03:34:29.1505982,NATIVE,1,633,850,18,4511
2026-05-26T03:34:29.1692151,NATIVE,1,633,850,15,8553
2026-05-26T03:34:29.1883744,NATIVE,1,633,850,16,0170
2026-05-26T03:34:29.2099345,NATIVE,1,633,850,18,4438
2026-05-26T03:34:29.2308275,NATIVE,1,633,850,18,4509
2026-05-26T03:34:29.2528847,NATIVE,1,633,850,18,4483
2026-05-26T03:34:29.277628,NATIVE,1,633,850,19,3811
2026-05-26T03:34:29.2988646,NATIVE,1,633,850,18,5719
2026-05-26T03:34:29.3187879,NATIVE,1,633,850,17,2104
2026-05-26T03:34:29.3366259,NATIVE,1,633,850,15,0456
2026-05-26T03:34:29.3617026,NATIVE,1,633,850,21,3102
2026-05-26T03:34:29.385077,NATIVE,1,633,850,19,6321
2026-05-26T03:34:29.4055454,NATIVE,1,633,850,17,5438
2026-05-26T03:34:29.422987,NATIVE,1,633,850,14,5279
2026-05-26T03:34:29.440991,NATIVE,1,633,850,14,7288
2026-05-26T03:34:29.4589726,NATIVE,1,633,850,16,1107
2026-05-26T03:34:29.4781928,NATIVE,1,633,850,15,6835
2026-05-26T03:34:29.4969718,NATIVE,1,633,850,15,9049
2026-05-26T03:34:29.5133316,NATIVE,1,633,850,13,5434
2026-05-26T03:34:29.5356455,NATIVE,1,633,850,19,4594
2026-05-26T03:34:29.5546665,NATIVE,1,633,850,16,4149
2026-05-26T03:34:29.5755525,NATIVE,1,633,850,17,2034
2026-05-26T03:34:29.5918763,NATIVE,1,633,850,13,7951
2026-05-26T03:34:30.2893715,NATIVE,1,633,850,21,3300
2026-05-26T03:34:30.3124982,NATIVE,1,633,850,16,9055
2026-05-26T03:34:30.3428109,NATIVE,1,633,850,25,6346
2026-05-26T03:34:30.3684384,NATIVE,1,633,850,21,4289
2026-05-26T03:34:30.388988,NATIVE,1,633,850,17,1110
2026-05-26T03:34:30.4106282,NATIVE,1,633,850,17,0435
2026-05-26T03:34:30.4304489,NATIVE,1,633,850,16,7175
2026-05-26T03:34:30.4476534,NATIVE,1,633,850,14,2418
2026-05-26T03:34:30.4718491,NATIVE,1,633,850,21,3745
2026-05-26T03:34:30.4908556,NATIVE,1,633,850,15,8143
2026-05-26T03:34:30.5082693,NATIVE,1,633,850,14,8219
2026-05-26T03:34:30.5285874,NATIVE,1,633,850,17,3142
2026-05-26T03:34:30.5527998,NATIVE,1,633,850,21,1021
2026-05-26T03:34:30.5745841,NATIVE,1,633,850,18,9288
2026-05-26T03:34:30.5911702,NATIVE,1,633,850,13,6050
2026-05-26T03:34:30.6137979,NATIVE,1,633,850,11,6453
2026-05-26T03:34:31.5207178,NATIVE,1,633,850,18,5847
2026-05-26T03:34:31.553161,NATIVE,1,633,850,24,5736
2026-05-26T03:34:31.571168,NATIVE,1,633,850,15,0951
2026-05-26T03:34:31.5864124,NATIVE,1,633,850,12,7314
2026-05-26T03:34:31.6052637,NATIVE,1,633,850,14,0842
2026-05-26T03:34:31.6223152,NATIVE,1,633,850,13,7807
2026-05-26T03:34:31.6390195,NATIVE,1,633,850,13,9412
2026-05-26T03:34:31.6555536,NATIVE,1,633,850,13,2823
2026-05-26T03:34:31.6748184,NATIVE,1,633,850,16,5259
2026-05-26T03:34:31.6982902,NATIVE,1,633,850,18,6178
2026-05-26T03:34:31.7153062,NATIVE,1,633,850,14,5796
2026-05-26T03:34:31.7329983,NATIVE,1,633,850,14,6189
2026-05-26T03:34:31.7590484,NATIVE,1,633,850,22,1809
2026-05-26T03:34:31.7823112,NATIVE,1,633,850,20,3245
2026-05-26T03:34:31.8058017,NATIVE,1,633,850,16,9389
2026-05-26T03:34:31.82588,NATIVE,1,633,850,17,1734
2026-05-26T03:34:31.8423552,NATIVE,1,633,850,14,0793
2026-05-26T03:34:31.8598494,NATIVE,1,633,850,14,5008
2026-05-26T03:34:32.3889395,NATIVE,1,633,850,24,9099
2026-05-26T03:34:32.4152279,NATIVE,1,633,850,20,2802
2026-05-26T03:34:32.4348092,NATIVE,1,633,850,17,1168
2026-05-26T03:34:32.4517547,NATIVE,1,633,850,14,3445
2026-05-26T03:34:32.4682049,NATIVE,1,633,850,14,0172
2026-05-26T03:34:32.4867041,NATIVE,1,633,850,12,9264
2026-05-26T03:34:32.520212,NATIVE,1,633,850,24,2967
2026-05-26T03:34:32.5462947,NATIVE,1,633,850,20,2122
2026-05-26T03:34:32.5723318,NATIVE,1,633,850,19,9698
2026-05-26T03:34:32.5968002,NATIVE,1,633,850,19,3861
2026-05-26T03:34:32.6212691,NATIVE,1,633,850,19,0843
2026-05-26T03:34:32.6430986,NATIVE,1,633,850,17,2215
2026-05-26T03:34:32.6625833,NATIVE,1,633,850,14,6560
2026-05-26T03:34:32.6873312,NATIVE,1,633,850,19,9376
2026-05-26T03:34:32.7079642,NATIVE,1,633,850,15,8718
2026-05-26T03:34:32.7310998,NATIVE,1,633,850,19,2427
2026-05-26T03:34:33.4151496,NATIVE,1,633,850,19,3494
2026-05-26T03:34:33.4353704,NATIVE,1,633,850,15,4539
2026-05-26T03:34:33.4539093,NATIVE,1,633,850,15,9935
2026-05-26T03:34:33.4722655,NATIVE,1,633,850,15,3081
2026-05-26T03:34:33.4912231,NATIVE,1,633,850,14,9076
2026-05-26T03:34:33.5087654,NATIVE,1,633,850,15,0196
2026-05-26T03:34:33.5317395,NATIVE,1,633,850,17,9625
2026-05-26T03:34:33.5479742,NATIVE,1,633,850,13,7351
2026-05-26T03:34:33.5805918,NATIVE,1,633,850,18,7907
2026-05-26T03:34:33.5978935,NATIVE,1,633,850,14,5404
2026-05-26T03:34:33.614579,NATIVE,1,633,850,14,1167
2026-05-26T03:34:33.6335128,NATIVE,1,633,850,14,4944
2026-05-26T03:34:33.6507205,NATIVE,1,633,850,14,2533
2026-05-26T03:34:33.6684791,NATIVE,1,633,850,14,0571
2026-05-26T03:34:33.6864756,NATIVE,1,633,850,13,6990
2026-05-26T03:34:33.7060882,NATIVE,1,633,850,16,6461
2026-05-26T03:34:33.7234937,NATIVE,1,633,850,14,9421
2026-05-26T03:34:33.7475342,NATIVE,1,633,850,17,7446
2026-05-26T03:34:33.7642314,NATIVE,1,633,850,14,1338
2026-05-26T03:34:33.7823183,NATIVE,1,633,850,13,1479
2026-05-26T03:34:33.8007566,NATIVE,1,633,850,14,3002
2026-05-26T03:34:35.0629722,NATIVE,1,633,850,21,5931
2026-05-26T03:34:35.084806,NATIVE,1,633,850,16,8569
2026-05-26T03:34:35.102421,NATIVE,1,633,850,15,1607
2026-05-26T03:34:35.1217067,NATIVE,1,633,850,15,7754
2026-05-26T03:34:35.1386439,NATIVE,1,633,850,14,5958
2026-05-26T03:34:35.1578928,NATIVE,1,633,850,14,1364
2026-05-26T03:34:35.177682,NATIVE,1,633,850,16,6402
2026-05-26T03:34:35.198468,NATIVE,1,633,850,17,2667
2026-05-26T03:34:35.2180665,NATIVE,1,633,850,16,9475
2026-05-26T03:34:35.2376397,NATIVE,1,633,850,16,4839
2026-05-26T03:34:35.256712,NATIVE,1,633,850,15,5803
2026-05-26T03:34:35.2743898,NATIVE,1,633,850,14,9025
2026-05-26T03:34:35.2975719,NATIVE,1,633,850,19,7595
2026-05-26T03:34:35.320598,NATIVE,1,633,850,20,4194
2026-05-26T03:34:35.3442357,NATIVE,1,633,850,18,2635
2026-05-26T03:34:35.3675821,NATIVE,1,633,850,18,9066
2026-05-26T03:34:35.3839205,NATIVE,1,633,850,14,1027
2026-05-26T03:34:35.4023295,NATIVE,1,633,850,15,2610
2026-05-26T03:34:35.4213026,NATIVE,1,633,850,16,0731
2026-05-26T03:34:35.4446876,NATIVE,1,633,850,16,2830
2026-05-26T03:34:36.5435258,NATIVE,1,633,850,19,0005
2026-05-26T03:34:36.5654131,NATIVE,1,633,850,16,7461
2026-05-26T03:34:36.5851473,NATIVE,1,633,850,16,7645
2026-05-26T03:34:36.6042061,NATIVE,1,633,850,15,7659
2026-05-26T03:34:36.6218209,NATIVE,1,633,850,13,0568
2026-05-26T03:34:36.6458621,NATIVE,1,633,850,16,3945
2026-05-26T03:34:36.6694777,NATIVE,1,633,850,19,3234
2026-05-26T03:34:36.6919362,NATIVE,1,633,850,19,0588
2026-05-26T03:34:36.7158831,NATIVE,1,633,850,18,2351
2026-05-26T03:34:36.7370059,NATIVE,1,633,850,18,3799
2026-05-26T03:34:36.7528985,NATIVE,1,633,850,13,0870
2026-05-26T03:34:36.7714357,NATIVE,1,633,850,14,1580
2026-05-26T03:34:36.7874456,NATIVE,1,633,850,13,1626
2026-05-26T03:34:36.8185188,NATIVE,1,633,850,17,8987
2026-05-26T03:34:36.8389507,NATIVE,1,633,850,17,1525
2026-05-26T03:34:37.2734406,NATIVE,1,633,850,17,6184
2026-05-26T03:34:37.2898084,NATIVE,1,633,850,12,5004
2026-05-26T03:34:37.3132991,NATIVE,1,633,850,12,6743
2026-05-26T03:34:37.3422851,NATIVE,1,633,850,15,0211
2026-05-26T03:34:37.3638641,NATIVE,1,633,850,14,0864
2026-05-26T03:34:37.3844763,NATIVE,1,633,850,13,8827
2026-05-26T03:34:37.405473,NATIVE,1,633,850,14,4462
2026-05-26T03:34:37.4340308,NATIVE,1,633,850,17,4842
2026-05-26T03:34:37.4733183,NATIVE,1,633,850,31,6544
2026-05-26T03:34:37.4967555,NATIVE,1,633,850,15,8562
2026-05-26T03:34:37.5158874,NATIVE,1,633,850,12,9358
2026-05-26T03:34:37.5382876,NATIVE,1,633,850,16,8496
2026-05-26T03:34:37.5615047,NATIVE,1,633,850,15,7605
2026-05-26T03:34:37.5866688,NATIVE,1,633,850,16,9965
2026-05-26T03:34:37.6154647,NATIVE,1,633,850,17,4874
2026-05-26T03:34:37.6385876,NATIVE,1,633,850,16,2394
2026-05-26T03:34:37.6651919,NATIVE,1,633,850,20,6045
2026-05-26T03:34:37.6904473,NATIVE,1,633,850,17,4890
2026-05-26T03:34:37.7079858,NATIVE,1,633,850,14,7391
2026-05-26T03:34:37.730776,NATIVE,1,633,850,19,5882
2026-05-26T03:34:37.9305142,NATIVE,1,633,850,14,4707
2026-05-26T03:34:37.9609616,NATIVE,1,633,850,23,1944
2026-05-26T03:34:38.0025313,NATIVE,1,633,850,37,1819
2026-05-26T03:34:38.0307044,NATIVE,1,633,850,20,2260
2026-05-26T03:34:38.0587514,NATIVE,1,633,850,24,8731
2026-05-26T03:34:38.075617,NATIVE,1,633,850,14,0558
2026-05-26T03:34:38.094005,NATIVE,1,633,850,16,1350
2026-05-26T03:34:38.1115825,NATIVE,1,633,850,14,0979
2026-05-26T03:34:38.1373066,NATIVE,1,633,850,22,3108
2026-05-26T03:34:38.1593128,NATIVE,1,633,850,17,4156
2026-05-26T03:34:38.1893208,NATIVE,1,633,850,26,8610
2026-05-26T03:34:38.2078222,NATIVE,1,633,850,15,1347
2026-05-26T03:34:38.2280445,NATIVE,1,633,850,17,6482
2026-05-26T03:34:38.2526114,NATIVE,1,633,850,21,1538
2026-05-26T03:34:38.2757873,NATIVE,1,633,850,17,8476
2026-05-26T03:34:38.2983664,NATIVE,1,633,850,19,7390
2026-05-26T03:34:38.3224289,NATIVE,1,633,850,20,2530
2026-05-26T03:34:38.3415031,NATIVE,1,633,850,16,2022
2026-05-26T03:34:38.3587783,NATIVE,1,633,850,15,3720
2026-05-26T03:34:38.379267,NATIVE,1,633,850,16,7239
2026-05-26T03:34:38.3987293,NATIVE,1,633,850,14,4443
2026-05-26T03:34:38.4160835,NATIVE,1,633,850,14,1503
2026-05-26T03:34:38.4406128,NATIVE,1,633,850,19,5185
2026-05-26T03:34:38.4606962,NATIVE,1,633,850,14,9408
2026-05-26T03:34:38.5583123,NATIVE,1,633,850,21,3343
2026-05-26T03:34:38.5803047,NATIVE,1,633,850,17,2536
2026-05-26T03:34:38.6026768,NATIVE,1,633,850,19,1736
2026-05-26T03:34:38.6250654,NATIVE,1,633,850,19,2966
2026-05-26T03:34:38.64353,NATIVE,1,633,850,14,3913
2026-05-26T03:34:38.6649542,NATIVE,1,633,850,17,8751
2026-05-26T03:34:38.6866686,NATIVE,1,633,850,18,9086
2026-05-26T03:34:38.70311,NATIVE,1,633,850,13,7742
2026-05-26T03:34:38.7296706,NATIVE,1,633,850,13,4185
2026-05-26T03:34:38.7492249,NATIVE,1,633,850,17,8772
2026-05-26T03:34:38.7698475,NATIVE,1,633,850,13,6255
2026-05-26T03:34:38.789421,NATIVE,1,633,850,15,8108
2026-05-26T03:34:39.2167474,NATIVE,1,633,850,20,9623
2026-05-26T03:34:39.2650743,NATIVE,1,633,850,37,5373
2026-05-26T03:34:39.2884717,NATIVE,1,633,850,19,9580
2026-05-26T03:34:39.3044674,NATIVE,1,633,850,13,2490
2026-05-26T03:34:39.3286576,NATIVE,1,633,850,14,5396
2026-05-26T03:34:39.3481104,NATIVE,1,633,850,16,6723
2026-05-26T03:34:39.3634773,NATIVE,1,633,850,11,7585
2026-05-26T03:34:39.3891594,NATIVE,1,633,850,17,0895
2026-05-26T03:34:39.4051791,NATIVE,1,633,850,12,4999
2026-05-26T03:34:39.4254891,NATIVE,1,633,850,11,5318
2026-05-26T03:34:39.8031849,NATIVE,1,633,850,12,6126
2026-05-26T03:34:39.8252159,NATIVE,1,633,850,16,8042
2026-05-26T03:34:39.8405271,NATIVE,1,633,850,13,4446
2026-05-26T03:34:39.8613623,NATIVE,1,633,850,15,1294
2026-05-26T03:34:39.8781413,NATIVE,1,633,850,13,7334
2026-05-26T03:34:39.8961025,NATIVE,1,633,850,15,0094
2026-05-26T03:34:39.9141946,NATIVE,1,633,850,13,4033
2026-05-26T03:34:39.9330446,NATIVE,1,633,850,15,2614
2026-05-26T03:34:39.9482171,NATIVE,1,633,850,12,4592
2026-05-26T03:34:39.9744037,NATIVE,1,633,850,14,6719
2026-05-26T03:34:39.9934412,NATIVE,1,633,850,16,3733
2026-05-26T03:34:40.0160093,NATIVE,1,633,850,19,4197
2026-05-26T03:34:40.0406296,NATIVE,1,633,850,20,1687
2026-05-26T03:34:40.0636093,NATIVE,1,633,850,18,5121
2026-05-26T03:34:40.0833374,NATIVE,1,633,850,17,2190
2026-05-26T03:34:40.101445,NATIVE,1,633,850,15,4728
2026-05-26T03:34:40.1206903,NATIVE,1,633,850,14,8546
2026-05-26T03:34:40.1375483,NATIVE,1,633,850,13,8776
2026-05-26T03:34:40.5453369,NATIVE,1,633,850,23,7205
2026-05-26T03:34:40.5683358,NATIVE,1,633,850,17,4297
2026-05-26T03:34:40.5888955,NATIVE,1,633,850,17,3892
2026-05-26T03:34:40.6090162,NATIVE,1,633,850,15,4354
2026-05-26T03:34:40.6315892,NATIVE,1,633,850,17,8404
2026-05-26T03:34:40.656261,NATIVE,1,633,850,20,2131
2026-05-26T03:34:40.6749773,NATIVE,1,633,850,15,4750
2026-05-26T03:34:40.7063464,NATIVE,1,633,850,26,3707
2026-05-26T03:34:40.7371427,NATIVE,1,633,850,24,3993
2026-05-26T03:34:40.7633346,NATIVE,1,633,850,20,8913
2026-05-26T03:34:40.78305,NATIVE,1,633,850,17,2864
2026-05-26T03:34:40.8056336,NATIVE,1,633,850,20,1540
2026-05-26T03:34:40.8243912,NATIVE,1,633,850,16,5166
2026-05-26T03:34:40.8454345,NATIVE,1,633,850,18,2202
2026-05-26T03:34:40.8648636,NATIVE,1,633,850,16,6762
2026-05-26T03:34:40.8859022,NATIVE,1,633,850,18,3904
2026-05-26T03:34:40.9065427,NATIVE,1,633,850,17,5139
2026-05-26T03:34:40.9292071,NATIVE,1,633,850,18,7883
2026-05-26T03:34:40.952457,NATIVE,1,633,850,19,4092
2026-05-26T03:34:40.9725423,NATIVE,1,633,850,16,4763
2026-05-26T03:34:40.9895508,NATIVE,1,633,850,13,8857
2026-05-26T03:34:41.0083392,NATIVE,1,633,850,15,7964
2026-05-26T03:34:41.0391875,NATIVE,1,633,850,27,3091
2026-05-26T03:34:41.0623668,NATIVE,1,633,850,19,7026
2026-05-26T03:34:41.086866,NATIVE,1,633,850,20,1395
2026-05-26T03:34:41.1116249,NATIVE,1,633,850,21,2365
2026-05-26T03:34:41.1379803,NATIVE,1,633,850,21,1332
2026-05-26T03:34:41.1659816,NATIVE,1,633,850,22,8779
2026-05-26T03:34:41.1906849,NATIVE,1,633,850,20,9080
2026-05-26T03:34:41.2109196,NATIVE,1,633,850,16,9335
2026-05-26T03:34:41.2314435,NATIVE,1,633,850,16,5668
2026-05-26T03:34:41.2494524,NATIVE,1,633,850,15,7868
2026-05-26T03:34:42.0668716,NATIVE,1,633,850,15,8659
2026-05-26T03:34:42.0892086,NATIVE,1,633,850,16,7107
2026-05-26T03:34:42.1103694,NATIVE,1,633,850,17,8289
2026-05-26T03:34:42.1311438,NATIVE,1,633,850,17,5873
2026-05-26T03:34:42.1507112,NATIVE,1,633,850,14,4790
2026-05-26T03:34:42.1693806,NATIVE,1,633,850,15,4520
2026-05-26T03:34:42.1916909,NATIVE,1,633,850,18,5685
2026-05-26T03:34:42.2106907,NATIVE,1,633,850,15,9875
2026-05-26T03:34:42.2349085,NATIVE,1,633,850,20,5613
2026-05-26T03:34:42.2587395,NATIVE,1,633,850,21,1157
2026-05-26T03:34:42.2834246,NATIVE,1,633,850,20,6615
2026-05-26T03:34:42.3081156,NATIVE,1,633,850,20,7656
2026-05-26T03:34:42.329207,NATIVE,1,633,850,18,2578
2026-05-26T03:34:42.3527119,NATIVE,1,633,850,18,6847
2026-05-26T03:34:42.3714837,NATIVE,1,633,850,15,8652
2026-05-26T03:34:42.393158,NATIVE,1,633,850,18,4552
2026-05-26T03:34:42.411,NATIVE,1,633,850,15,6535
2026-05-26T03:34:42.4321302,NATIVE,1,633,850,17,4152
2026-05-26T03:34:42.4503099,NATIVE,1,633,850,15,6068
2026-05-26T03:34:42.4692869,NATIVE,1,633,850,15,7729
2026-05-26T03:34:42.4886442,NATIVE,1,633,850,16,1875
2026-05-26T03:34:42.5071219,NATIVE,1,633,850,15,5319
2026-05-26T03:34:42.5251206,NATIVE,1,633,850,15,0699
2026-05-26T03:34:42.5437375,NATIVE,1,633,850,14,9825
2026-05-26T03:34:42.5658112,NATIVE,1,633,850,19,0770
2026-05-26T03:34:43.0595109,NATIVE,1,633,850,43,9738
2026-05-26T03:34:43.1018223,NATIVE,1,633,850,37,7044
2026-05-26T03:34:43.1282196,NATIVE,1,633,850,20,0641
2026-05-26T03:34:43.1474517,NATIVE,1,633,850,16,3421
2026-05-26T03:34:43.1673661,NATIVE,1,633,850,15,6973
2026-05-26T03:34:43.1855682,NATIVE,1,633,850,15,3525
2026-05-26T03:34:43.2043116,NATIVE,1,633,850,13,6065
2026-05-26T03:34:43.2250905,NATIVE,1,633,850,16,0641
2026-05-26T03:34:43.2474999,NATIVE,1,633,850,18,0942
2026-05-26T03:34:43.2673827,NATIVE,1,633,850,15,5921
2026-05-26T03:34:43.3048113,NATIVE,1,633,850,20,4200
2026-05-26T03:34:43.3279855,NATIVE,1,633,850,20,1961
2026-05-26T03:34:43.3527894,NATIVE,1,633,850,19,4090
2026-05-26T03:34:43.3773083,NATIVE,1,633,850,20,2476
2026-05-26T03:34:43.4264368,NATIVE,1,633,850,23,4994
2026-05-26T03:34:43.518032,NATIVE,1,633,850,24,8972
2026-05-26T03:34:43.5430664,NATIVE,1,633,850,20,9306
2026-05-26T03:34:43.5692815,NATIVE,1,633,850,21,6254
2026-05-26T03:34:43.6003626,NATIVE,1,633,850,26,9555
2026-05-26T03:34:43.6368387,NATIVE,1,633,850,25,7766
2026-05-26T03:34:43.6675981,NATIVE,1,633,850,23,9051
2026-05-26T03:34:43.7017677,NATIVE,1,633,850,24,0247
2026-05-26T03:34:43.7340292,NATIVE,1,633,850,24,4395
2026-05-26T03:34:43.7684026,NATIVE,1,633,850,25,7971
2026-05-26T03:34:43.8030074,NATIVE,1,633,850,24,8248
2026-05-26T03:34:43.839465,NATIVE,1,633,850,26,0042
2026-05-26T03:34:43.8692915,NATIVE,1,633,850,25,2656
2026-05-26T03:34:43.9545048,NATIVE,1,633,850,16,3188
2026-05-26T03:34:43.975745,NATIVE,1,633,850,18,0201
2026-05-26T03:34:44.0005509,NATIVE,1,633,850,18,9480
2026-05-26T03:34:44.0236539,NATIVE,1,633,850,20,3978
2026-05-26T03:34:44.0491855,NATIVE,1,633,850,19,9116
2026-05-26T03:34:44.0752733,NATIVE,1,633,850,22,5839
2026-05-26T03:34:44.103784,NATIVE,1,633,850,22,2849
2026-05-26T03:34:44.1295768,NATIVE,1,633,850,22,0446
2026-05-26T03:34:44.1566658,NATIVE,1,633,850,22,7302
2026-05-26T03:34:44.1841202,NATIVE,1,633,850,23,1927
2026-05-26T03:34:44.2111481,NATIVE,1,633,850,21,7636
2026-05-26T03:34:44.2344201,NATIVE,1,633,850,19,6731
2026-05-26T03:34:44.2627821,NATIVE,1,633,850,23,5888
2026-05-26T03:34:44.2885306,NATIVE,1,633,850,21,9255
2026-05-26T03:34:44.3154274,NATIVE,1,633,850,21,3515
2026-05-26T03:34:44.3406469,NATIVE,1,633,850,22,6471
2026-05-26T03:34:44.3637088,NATIVE,1,633,850,17,7544
2026-05-26T03:34:44.3893703,NATIVE,1,633,850,21,6698
2026-05-26T03:34:44.4148413,NATIVE,1,633,850,20,6321
2026-05-26T03:34:44.4420958,NATIVE,1,633,850,23,6475
2026-05-26T03:34:44.5146329,NATIVE,1,633,850,24,8950
2026-05-26T03:34:44.5452818,NATIVE,1,633,850,25,2178
2026-05-26T03:34:45.1549086,PDFBOX,1,633,850,193,3740
2026-05-26T03:34:47.4027165,PDFBOX,1,633,850,170,1866
2026-05-26T03:39:15.2695628,PDFBOX,1,1100,850,539,8369
2026-05-26T03:41:13.3108052,PDFBOX,1,633,850,260,3877
2026-05-26T03:41:13.7163517,PDFBOX,1,633,850,221,0243
2026-05-26T03:41:14.4923277,PDFBOX,1,633,850,87,0946
2026-05-26T03:41:15.8357192,PDFBOX,1,633,850,261,2560
2026-05-26T03:41:17.5189497,PDFBOX,1,633,850,470,4888
2026-05-26T03:41:18.7017498,PDFBOX,1,633,850,985,3052
2026-05-26T03:41:19.5248091,PDFBOX,1,633,850,707,8921
2026-05-26T03:41:21.6663922,PDFBOX,1,633,850,1885,8502
2026-05-26T03:41:22.3701475,PDFBOX,1,633,850,575,6047
2026-05-26T03:41:25.4798422,NATIVE,1,633,850,81,1791
2026-05-26T03:41:26.5862955,NATIVE,1,633,850,16,9997
2026-05-26T03:41:26.6086318,NATIVE,1,633,850,14,2648
2026-05-26T03:41:26.6248926,NATIVE,1,633,850,11,2717
2026-05-26T03:41:26.6488732,NATIVE,1,633,850,12,7188
2026-05-26T03:41:26.6675434,NATIVE,1,633,850,12,2910
2026-05-26T03:41:26.6854952,NATIVE,1,633,850,11,6543
2026-05-26T03:41:26.7084735,NATIVE,1,633,850,13,4525
2026-05-26T03:41:26.7286352,NATIVE,1,633,850,12,0150
2026-05-26T03:41:26.7502244,NATIVE,1,633,850,13,0636
2026-05-26T03:41:26.7667018,NATIVE,1,633,850,11,5493
2026-05-26T03:41:26.7929641,NATIVE,1,633,850,14,5396
2026-05-26T03:41:26.8398618,NATIVE,1,633,850,23,7993
2026-05-26T03:41:26.8899271,NATIVE,1,633,850,29,2224
2026-05-26T03:41:26.9145207,NATIVE,1,633,850,20,2838
2026-05-26T03:41:26.9428129,NATIVE,1,633,850,18,3326
2026-05-26T03:41:26.9612155,NATIVE,1,633,850,12,8405
2026-05-26T03:41:27.2596698,NATIVE,1,633,850,19,1077
2026-05-26T03:41:27.2911838,NATIVE,1,633,850,22,1133
2026-05-26T03:41:27.3330445,NATIVE,1,633,850,36,4770
2026-05-26T03:41:27.3599561,NATIVE,1,633,850,18,8165
2026-05-26T03:41:27.3966101,NATIVE,1,633,850,27,7565
2026-05-26T03:41:27.4175538,NATIVE,1,633,850,17,5774
2026-05-26T03:41:27.4377602,NATIVE,1,633,850,13,5311
2026-05-26T03:41:27.4591237,NATIVE,1,633,850,17,8831
2026-05-26T03:41:27.4780842,NATIVE,1,633,850,15,4861
2026-05-26T03:41:27.5000387,NATIVE,1,633,850,16,6320
2026-05-26T03:41:27.518684,NATIVE,1,633,850,15,2825
2026-05-26T03:41:27.5385041,NATIVE,1,633,850,14,3303
2026-05-26T03:41:27.5542335,NATIVE,1,633,850,12,2662
2026-05-26T03:41:27.5953164,NATIVE,1,633,850,16,6157
2026-05-26T03:41:27.6262763,NATIVE,1,633,850,22,7294
2026-05-26T03:41:27.6483481,NATIVE,1,633,850,18,2953
2026-05-26T03:41:27.6627586,NATIVE,1,633,850,12,1829
2026-05-26T03:41:27.6852188,NATIVE,1,633,850,14,8634
2026-05-26T03:41:27.7050198,NATIVE,1,633,850,14,1514
2026-05-26T03:41:27.7313636,NATIVE,1,633,850,19,9166
2026-05-26T03:41:27.7544897,NATIVE,1,633,850,13,4407
2026-05-26T03:41:27.7690029,NATIVE,1,633,850,11,1804
2026-05-26T03:41:27.7910198,NATIVE,1,633,850,16,9735
2026-05-26T03:41:27.8259756,NATIVE,1,633,850,26,5767
2026-05-26T03:41:27.8481272,NATIVE,1,633,850,18,6462
2026-05-26T03:41:27.8664347,NATIVE,1,633,850,14,7840
2026-05-26T03:41:27.890479,NATIVE,1,633,850,19,9118
2026-05-26T03:41:27.9151093,NATIVE,1,633,850,20,8553
2026-05-26T03:41:27.9375202,NATIVE,1,633,850,18,1393
2026-05-26T03:41:27.9641957,NATIVE,1,633,850,21,0790
2026-05-26T03:41:27.9865623,NATIVE,1,633,850,16,2793
2026-05-26T03:41:28.036531,NATIVE,1,633,850,16,5162
2026-05-26T03:41:28.060489,NATIVE,1,633,850,18,5585
2026-05-26T03:41:28.0827744,NATIVE,1,633,850,17,5537
2026-05-26T03:41:28.1004912,NATIVE,1,633,850,14,2113
2026-05-26T03:41:28.1177054,NATIVE,1,633,850,12,6817
2026-05-26T03:41:28.1325406,NATIVE,1,633,850,11,6545
2026-05-26T03:41:28.151062,NATIVE,1,633,850,12,8705
2026-05-26T03:41:28.1690643,NATIVE,1,633,850,12,1030
2026-05-26T03:41:28.1872436,NATIVE,1,633,850,12,7462
2026-05-26T03:41:28.2065759,NATIVE,1,633,850,13,6121
2026-05-26T03:41:28.2321549,NATIVE,1,633,850,16,2895
2026-05-26T03:41:28.252779,NATIVE,1,633,850,16,4572
2026-05-26T03:41:28.2833643,NATIVE,1,633,850,20,9769
2026-05-26T03:41:28.320591,NATIVE,1,633,850,30,3063
2026-05-26T03:41:28.3541157,NATIVE,1,633,850,23,3966
2026-05-26T03:41:28.4105135,NATIVE,1,633,850,19,2657
2026-05-26T03:41:28.4588877,NATIVE,1,633,850,36,5185
2026-05-26T03:41:28.4950117,NATIVE,1,633,850,27,8665
2026-05-26T03:41:28.5303491,NATIVE,1,633,850,31,3428
2026-05-26T03:41:28.5584206,NATIVE,1,633,850,23,4050
2026-05-26T03:41:28.5820955,NATIVE,1,633,850,14,3899
2026-05-26T03:41:28.6018741,NATIVE,1,633,850,15,0533
2026-05-26T03:41:28.6256721,NATIVE,1,633,850,20,2366
2026-05-26T03:41:28.6482915,NATIVE,1,633,850,17,9961
2026-05-26T03:41:28.6727594,NATIVE,1,633,850,20,8936
2026-05-26T03:41:28.6981516,NATIVE,1,633,850,20,4419
2026-05-26T03:41:28.7194072,NATIVE,1,633,850,18,2259
2026-05-26T03:41:28.7368563,NATIVE,1,633,850,14,4715
2026-05-26T03:41:28.754726,NATIVE,1,633,850,14,9026
2026-05-26T03:41:28.7706744,NATIVE,1,633,850,13,8695
2026-05-26T03:41:28.795851,NATIVE,1,633,850,15,1340
2026-05-26T03:41:28.8129867,NATIVE,1,633,850,15,9813
2026-05-26T03:41:29.0851706,NATIVE,1,633,850,18,8289
2026-05-26T03:41:29.11978,NATIVE,1,633,850,19,9480
2026-05-26T03:41:29.1485435,NATIVE,1,633,850,25,3029
2026-05-26T03:41:29.1734467,NATIVE,1,633,850,19,9112
2026-05-26T03:41:29.1967518,NATIVE,1,633,850,19,5145
2026-05-26T03:41:29.2273458,NATIVE,1,633,850,20,1017
2026-05-26T03:41:29.2493979,NATIVE,1,633,850,19,9630
2026-05-26T03:41:29.2724485,NATIVE,1,633,850,20,3484
2026-05-26T03:41:29.2944599,NATIVE,1,633,850,18,8603
2026-05-26T03:41:29.3149913,NATIVE,1,633,850,17,2894
2026-05-26T03:41:29.3352999,NATIVE,1,633,850,17,6226
2026-05-26T03:41:29.3567876,NATIVE,1,633,850,17,6665
2026-05-26T03:41:29.379901,NATIVE,1,633,850,19,1956
2026-05-26T03:41:29.4023842,NATIVE,1,633,850,18,6238
2026-05-26T03:41:29.4223147,NATIVE,1,633,850,16,2240
2026-05-26T03:41:29.4394142,NATIVE,1,633,850,14,2232
2026-05-26T03:41:29.4547642,NATIVE,1,633,850,12,7250
2026-05-26T03:41:29.610803,NATIVE,1,633,850,14,8432
2026-05-26T03:41:29.6334827,NATIVE,1,633,850,13,0883
2026-05-26T03:41:29.6589392,NATIVE,1,633,850,13,2798
2026-05-26T03:41:29.6865426,NATIVE,1,633,850,14,9228
2026-05-26T03:41:29.7029802,NATIVE,1,633,850,14,8446
2026-05-26T03:41:29.723029,NATIVE,1,633,850,17,1070
2026-05-26T03:41:29.7433772,NATIVE,1,633,850,16,4790
2026-05-26T03:41:29.7746094,NATIVE,1,633,850,16,9054
2026-05-26T03:41:29.7957351,NATIVE,1,633,850,17,5876
2026-05-26T03:41:29.8153567,NATIVE,1,633,850,16,5271
2026-05-26T03:41:29.8355159,NATIVE,1,633,850,16,8901
2026-05-26T03:41:29.8592833,NATIVE,1,633,850,20,0187
2026-05-26T03:41:29.8768905,NATIVE,1,633,850,14,5614
2026-05-26T03:41:29.8992983,NATIVE,1,633,850,15,9116
2026-05-26T03:41:29.9274404,NATIVE,1,633,850,16,6149
2026-05-26T03:41:29.9547588,NATIVE,1,633,850,18,3640
2026-05-26T03:41:29.9791096,NATIVE,1,633,850,16,1472
2026-05-26T03:41:29.9989321,NATIVE,1,633,850,18,3362
2026-05-26T03:41:30.0178727,NATIVE,1,633,850,17,0121
2026-05-26T03:41:30.0442405,NATIVE,1,633,850,17,6001
2026-05-26T03:41:30.0629112,NATIVE,1,633,850,16,8324
2026-05-26T03:41:30.081818,NATIVE,1,633,850,17,1600
2026-05-26T03:41:30.0971991,NATIVE,1,633,850,14,0477
2026-05-26T03:42:40.9528459,PDFBOX,1,1100,850,469,2847
2026-05-26T03:42:43.162826,NATIVE,1,633,821,42,7314
2026-05-26T03:42:44.3472194,PDFBOX,1,633,821,109,2685
2026-05-26T03:42:44.7741283,NATIVE,1,633,821,21,3483
2026-05-26T03:42:44.9170343,PDFBOX,1,633,821,132,2114
2026-05-26T03:42:44.9412309,NATIVE,1,633,821,22,3995
2026-05-26T03:42:45.0048938,PDFBOX,1,633,821,61,2138
2026-05-26T03:42:45.0289544,NATIVE,1,633,821,21,7588
2026-05-26T03:42:45.0927864,PDFBOX,1,633,821,60,9464
2026-05-26T03:42:45.1178695,NATIVE,1,633,821,20,0045
2026-05-26T03:42:45.1702001,PDFBOX,1,633,821,48,0927
2026-05-26T03:42:45.2243816,NATIVE,1,633,821,21,0012
2026-05-26T03:42:45.274974,PDFBOX,1,633,821,48,5621
2026-05-26T03:42:45.2983629,NATIVE,1,633,821,20,9044
2026-05-26T03:42:45.3497077,PDFBOX,1,633,821,49,5950
2026-05-26T03:42:45.3767371,NATIVE,1,633,821,21,3542
2026-05-26T03:42:45.4276805,PDFBOX,1,633,821,48,6979
2026-05-26T03:42:45.4489423,NATIVE,1,633,821,18,8021
2026-05-26T03:42:45.4825025,PDFBOX,1,633,821,31,2907
2026-05-26T03:42:45.5001936,NATIVE,1,633,821,15,9805
2026-05-26T03:42:45.552166,PDFBOX,1,633,821,48,4895
2026-05-26T03:42:45.5737274,NATIVE,1,633,821,19,7599
2026-05-26T03:42:45.6197276,PDFBOX,1,633,821,42,5065
2026-05-26T03:42:45.6404463,NATIVE,1,633,821,15,9794
2026-05-26T03:42:45.6796569,PDFBOX,1,633,821,36,9984
2026-05-26T03:42:45.6980404,NATIVE,1,633,821,15,9874
2026-05-26T03:42:45.7339706,PDFBOX,1,633,821,34,1856
2026-05-26T03:42:45.7510904,NATIVE,1,633,821,14,8804
2026-05-26T03:42:45.7882307,PDFBOX,1,633,821,33,1359
2026-05-26T03:42:45.8078703,NATIVE,1,633,821,17,4133
2026-05-26T03:42:45.8457534,PDFBOX,1,633,821,35,6760
2026-05-26T03:42:45.8663035,NATIVE,1,633,821,14,3579
2026-05-26T03:42:45.9014905,PDFBOX,1,633,821,32,7765
2026-05-26T03:42:45.9169521,NATIVE,1,633,821,13,6428
2026-05-26T03:42:45.9507627,PDFBOX,1,633,821,30,1120
2026-05-26T03:42:45.9671685,NATIVE,1,633,821,14,7046
2026-05-26T03:42:46.0068053,PDFBOX,1,633,821,37,5805
2026-05-26T03:42:46.0310261,NATIVE,1,633,821,18,8608
2026-05-26T03:42:46.0716563,PDFBOX,1,633,821,37,7941
2026-05-26T03:42:50.4192573,NATIVE,1,633,821,45,5985
2026-05-26T03:42:51.1915467,PDFBOX,1,633,821,31,2277
2026-05-26T03:42:52.7613512,NATIVE,1,633,821,40,1326
2026-05-26T03:42:53.1882274,PDFBOX,1,633,821,75,8459
2026-05-26T03:42:54.5961984,NATIVE,1,633,821,39,8645
2026-05-26T03:42:57.2290787,NATIVE,1,633,821,35,2063
2026-05-26T03:42:57.2473707,NATIVE,1,633,821,15,1489
2026-05-26T03:42:57.2677879,NATIVE,1,633,821,16,1100
2026-05-26T03:42:57.2876614,NATIVE,1,633,821,17,3150
2026-05-26T03:42:57.323564,NATIVE,1,633,821,31,5606
2026-05-26T03:42:57.348137,NATIVE,1,633,821,21,9792
2026-05-26T03:42:57.3706742,NATIVE,1,633,821,18,2655
2026-05-26T03:42:57.3908884,NATIVE,1,633,821,17,9197
2026-05-26T03:42:57.4119939,NATIVE,1,633,821,15,5877
2026-05-26T03:42:58.4653064,NATIVE,1,633,821,42,3079
2026-05-26T03:42:58.5189857,NATIVE,1,633,821,48,6614
2026-05-26T03:42:58.5517123,NATIVE,1,633,821,25,3523
2026-05-26T03:42:58.5696274,NATIVE,1,633,821,15,7231
2026-05-26T03:42:58.5890192,NATIVE,1,633,821,15,2837
2026-05-26T03:42:58.6137621,NATIVE,1,633,821,21,1395
2026-05-26T03:42:58.7927941,NATIVE,1,633,821,39,2113
2026-05-26T03:42:58.8397286,NATIVE,1,633,821,43,4636
2026-05-26T03:42:59.0879025,NATIVE,1,633,821,20,8516
2026-05-26T03:42:59.115953,NATIVE,1,633,821,24,6792
2026-05-26T03:42:59.1734132,NATIVE,1,633,821,49,2811
2026-05-26T03:42:59.197474,NATIVE,1,633,821,21,6520
2026-05-26T03:42:59.2195071,NATIVE,1,633,821,18,4231
2026-05-26T03:42:59.2400729,NATIVE,1,633,821,18,8623
2026-05-26T03:42:59.2659318,NATIVE,1,633,821,20,5994
2026-05-26T03:42:59.285232,NATIVE,1,633,821,17,5241
2026-05-26T03:42:59.3073949,NATIVE,1,633,821,18,4703
2026-05-26T03:42:59.3279909,NATIVE,1,633,821,18,8283
2026-05-26T03:42:59.3515843,NATIVE,1,633,821,19,4336
2026-05-26T03:43:03.2281461,NATIVE,1,1440,937,30,2442
2026-05-26T03:43:03.2474063,NATIVE,1,1440,937,16,9075
2026-05-26T03:43:03.2663738,NATIVE,1,1440,937,14,2706
2026-05-26T03:43:03.2878975,NATIVE,1,1440,937,15,2807
2026-05-26T03:43:03.3039738,NATIVE,1,1440,937,14,4163
2026-05-26T03:43:03.3242236,NATIVE,1,1440,937,14,9265
2026-05-26T03:43:03.3457003,NATIVE,1,1440,937,15,8814
2026-05-26T03:43:03.3639939,NATIVE,1,1440,937,16,2593
2026-05-26T03:43:03.3860665,NATIVE,1,1440,937,14,9291
2026-05-26T03:43:03.4031174,NATIVE,1,1440,937,14,6656
2026-05-26T03:43:03.4287972,NATIVE,1,1440,937,18,9674
2026-05-26T03:43:04.1275099,NATIVE,1,1440,937,20,9381
2026-05-26T03:43:04.1465598,NATIVE,1,1440,937,14,8124
2026-05-26T03:43:04.1679307,NATIVE,1,1440,937,16,3508
2026-05-26T03:43:04.1859165,NATIVE,1,1440,937,15,8228
2026-05-26T03:43:04.208204,NATIVE,1,1440,937,16,4927
2026-05-26T03:43:04.2288367,NATIVE,1,1440,937,18,8024
2026-05-26T03:43:04.2537745,NATIVE,1,1440,937,17,6831
2026-05-26T03:43:04.2740167,NATIVE,1,1440,937,18,6833
2026-05-26T03:43:04.7081908,NATIVE,1,1440,937,17,0613
2026-05-26T03:43:04.7277015,NATIVE,1,1440,937,17,4541
2026-05-26T03:43:04.7532507,NATIVE,1,1440,937,18,8925
2026-05-26T03:43:04.7738343,NATIVE,1,1440,937,18,8302
2026-05-26T03:43:04.7972344,NATIVE,1,1440,937,17,1289
2026-05-26T03:43:04.8174905,NATIVE,1,1440,937,17,0379
2026-05-26T03:43:04.8385465,NATIVE,1,1440,937,15,6707
2026-05-26T03:43:04.8553991,NATIVE,1,1440,937,14,7818
2026-05-26T03:43:04.8761637,NATIVE,1,1440,937,15,5000
2026-05-26T03:43:05.2342658,NATIVE,1,1440,937,23,0265
2026-05-26T03:43:05.2551805,NATIVE,1,1440,937,15,1240
2026-05-26T03:43:05.276062,NATIVE,1,1440,937,18,5609
2026-05-26T03:43:05.2977518,NATIVE,1,1440,937,19,4195
2026-05-26T03:43:05.3170745,NATIVE,1,1440,937,17,1903
2026-05-26T03:43:05.3477136,NATIVE,1,1440,937,24,6124
2026-05-26T03:43:05.373859,NATIVE,1,1440,937,24,3347
2026-05-26T03:43:05.3919341,NATIVE,1,1440,937,14,4693
2026-05-26T03:43:05.4213754,NATIVE,1,1440,937,26,5808
2026-05-26T03:43:05.4433323,NATIVE,1,1440,937,20,1288
2026-05-26T03:43:05.4643343,NATIVE,1,1440,937,19,3816
2026-05-26T03:43:05.4884288,NATIVE,1,1440,937,21,1274
2026-05-26T03:43:05.5217384,NATIVE,1,1440,937,29,0736
2026-05-26T03:43:05.5475652,NATIVE,1,1440,937,23,0871
2026-05-26T03:43:05.5682331,NATIVE,1,1440,937,18,9360
2026-05-26T03:43:13.5783578,NATIVE,1,1440,937,21,6152
2026-05-26T03:43:13.6009186,NATIVE,1,1440,937,17,1736
2026-05-26T03:43:13.619983,NATIVE,1,1440,937,17,3276
2026-05-26T03:43:13.6419013,NATIVE,1,1440,937,20,1310
2026-05-26T03:43:13.6584889,NATIVE,1,1440,937,14,9529
2026-05-26T03:43:13.6827198,NATIVE,1,1440,937,17,4677
2026-05-26T03:43:13.7037978,NATIVE,1,1440,937,19,3798
2026-05-26T03:43:13.7276051,NATIVE,1,1440,937,20,7798
2026-05-26T03:43:13.7517574,NATIVE,1,1440,937,22,1253
2026-05-26T03:43:13.7688687,NATIVE,1,1440,937,15,3614
2026-05-26T03:43:13.7929251,NATIVE,1,1440,937,21,9092
2026-05-26T03:43:13.8225459,NATIVE,1,1440,937,26,3416
2026-05-26T03:43:13.8693213,NATIVE,1,1440,937,39,9710
2026-05-26T03:43:13.8959452,NATIVE,1,1440,937,23,5555
2026-05-26T03:43:13.9162807,NATIVE,1,1440,937,18,2327
2026-05-26T03:43:13.9363677,NATIVE,1,1440,937,18,1961
2026-05-26T03:43:13.9571273,NATIVE,1,1440,937,14,8448
2026-05-26T03:43:15.7131514,PDFBOX,1,1440,937,56,9894
2026-05-26T03:43:17.1142094,PDFBOX,1,1440,937,51,8955
2026-05-26T03:43:18.117055,PDFBOX,1,1440,937,40,5460
2026-05-26T03:43:19.2258235,PDFBOX,1,1440,937,45,2471
2026-05-26T03:43:19.9208941,PDFBOX,1,1440,937,103,6358
2026-05-26T03:43:20.4463477,PDFBOX,1,1440,937,187,1025
2026-05-26T03:43:21.5796842,PDFBOX,1,1440,937,62,4868
2026-05-26T03:43:22.4373373,PDFBOX,1,1440,937,76,1429
2026-05-26T03:43:23.0262967,PDFBOX,1,1440,937,116,9067
2026-05-26T03:43:23.441759,PDFBOX,1,1440,937,69,7621
2026-05-26T03:43:23.68301,NATIVE,1,1440,937,38,9748
2026-05-26T03:43:24.2075024,NATIVE,1,1440,937,22,0640
2026-05-26T03:43:24.2297087,NATIVE,1,1440,937,16,1257
2026-05-26T03:43:24.2504597,NATIVE,1,1440,937,17,4281
2026-05-26T03:43:24.2735601,NATIVE,1,1440,937,20,2491
2026-05-26T03:43:24.2916624,NATIVE,1,1440,937,16,3967
2026-05-26T03:43:24.3124933,NATIVE,1,1440,937,15,2521
2026-05-26T03:43:24.3299278,NATIVE,1,1440,937,16,0101
2026-05-26T03:43:24.3491974,NATIVE,1,1440,937,15,6855
2026-05-26T03:43:24.3642123,NATIVE,1,1440,937,14,4915
2026-05-26T03:43:24.407032,NATIVE,1,1440,937,13,9893
2026-05-26T03:43:24.4423855,NATIVE,1,1440,937,14,7242
2026-05-26T03:43:24.4842499,NATIVE,1,1440,937,18,9621
2026-05-26T03:43:24.5142301,NATIVE,1,1440,937,27,1850
2026-05-26T03:43:24.5447529,NATIVE,1,1440,937,22,6740
2026-05-26T03:43:24.5672801,NATIVE,1,1440,937,17,8666
2026-05-26T03:43:24.5871962,NATIVE,1,1440,937,17,3728
2026-05-26T03:43:24.9204492,NATIVE,1,1440,937,19,5104
2026-05-26T03:43:24.947761,NATIVE,1,1440,937,18,6877
2026-05-26T03:43:24.9639068,NATIVE,1,1440,937,15,4399
2026-05-26T03:43:24.9867635,NATIVE,1,1440,937,19,6363
2026-05-26T03:43:25.0042483,NATIVE,1,1440,937,16,6828
2026-05-26T03:43:25.0310139,NATIVE,1,1440,937,19,9941
2026-05-26T03:43:25.0627324,NATIVE,1,1440,937,29,5197
2026-05-26T03:43:25.0934173,NATIVE,1,1440,937,25,0882
2026-05-26T03:43:25.1280785,NATIVE,1,1440,937,30,9025
2026-05-26T03:43:25.1672084,NATIVE,1,1440,937,36,1251
2026-05-26T03:43:25.204122,NATIVE,1,1440,937,34,6255
2026-05-26T03:43:25.2321764,NATIVE,1,1440,937,26,0002
2026-05-26T03:43:25.2626736,NATIVE,1,1440,937,25,7381
2026-05-26T03:43:25.2841707,NATIVE,1,1440,937,19,4492
2026-05-26T03:43:25.3135177,NATIVE,1,1440,937,27,9430
2026-05-26T03:43:25.3372127,NATIVE,1,1440,937,21,7743
2026-05-26T03:43:25.3583638,NATIVE,1,1440,937,14,7928
2026-05-26T03:43:25.3752925,NATIVE,1,1440,937,15,0700
2026-05-26T03:43:25.3963913,NATIVE,1,1440,937,18,9874
2026-05-26T03:43:25.4144945,NATIVE,1,1440,937,15,0469
2026-05-26T03:43:25.4332161,NATIVE,1,1440,937,16,7935
2026-05-26T03:43:25.4509377,NATIVE,1,1440,937,16,1948
2026-05-26T03:43:25.4673542,NATIVE,1,1440,937,14,9981
2026-05-26T03:43:26.0062627,NATIVE,1,1440,937,22,9705
2026-05-26T03:43:26.0293001,NATIVE,1,1440,937,16,8829
2026-05-26T03:43:26.0493485,NATIVE,1,1440,937,16,5381
2026-05-26T03:43:26.0675929,NATIVE,1,1440,937,14,8278
2026-05-26T03:43:26.09326,NATIVE,1,1440,937,23,8200
2026-05-26T03:43:26.1133975,NATIVE,1,1440,937,14,6498
2026-05-26T03:43:26.1453981,NATIVE,1,1440,937,12,6578
2026-05-26T03:43:26.1776077,NATIVE,1,1440,937,11,5421
2026-05-26T03:43:26.1986894,NATIVE,1,1440,937,14,5401
2026-05-26T03:43:26.2183428,NATIVE,1,1440,937,13,0144
2026-05-26T03:43:26.2717281,NATIVE,1,1440,937,20,3162
2026-05-26T03:43:26.2910134,NATIVE,1,1440,937,16,8401
2026-05-26T03:43:26.3120112,NATIVE,1,1440,937,14,4624
2026-05-26T03:43:26.3438762,NATIVE,1,1440,937,19,5808
2026-05-26T03:43:26.3693791,NATIVE,1,1440,937,20,3100
2026-05-26T03:43:26.3853566,NATIVE,1,1440,937,13,5732
2026-05-26T03:43:26.4176979,NATIVE,1,1440,937,20,4124
2026-05-26T03:43:26.4357279,NATIVE,1,1440,937,15,3376
2026-05-26T03:43:26.4584026,NATIVE,1,1440,937,20,1216
2026-05-26T03:43:26.4777175,NATIVE,1,1440,937,15,2966
2026-05-26T03:43:27.0635791,NATIVE,1,1440,937,11,9536
2026-05-26T03:43:27.0834955,NATIVE,1,1440,937,12,3817
2026-05-26T03:43:27.1213747,NATIVE,1,1440,937,11,3147
2026-05-26T03:43:27.1587195,NATIVE,1,1440,937,17,8371
2026-05-26T03:43:27.1818441,NATIVE,1,1440,937,21,1503
2026-05-26T03:43:27.2002492,NATIVE,1,1440,937,13,6455
2026-05-26T03:43:27.2219431,NATIVE,1,1440,937,19,1691
2026-05-26T03:43:27.2469475,NATIVE,1,1440,937,18,6194
2026-05-26T03:43:27.2650377,NATIVE,1,1440,937,13,6292
2026-05-26T03:43:27.2840751,NATIVE,1,1440,937,17,3653
2026-05-26T03:43:27.3079071,NATIVE,1,1440,937,14,8077
2026-05-26T03:43:27.3368287,NATIVE,1,1440,937,26,0113
2026-05-26T03:43:27.3660964,NATIVE,1,1440,937,26,7032
2026-05-26T03:43:27.4053306,NATIVE,1,1440,937,29,7328
2026-05-26T03:43:27.8430343,NATIVE,1,1440,937,18,1443
2026-05-26T03:43:27.8642257,NATIVE,1,1440,937,16,5391
2026-05-26T03:43:27.8824665,NATIVE,1,1440,937,15,5285
2026-05-26T03:43:27.9017563,NATIVE,1,1440,937,17,5197
2026-05-26T03:43:27.9268789,NATIVE,1,1440,937,17,9388
2026-05-26T03:43:27.9599325,NATIVE,1,1440,937,28,6498
2026-05-26T03:43:27.9854332,NATIVE,1,1440,937,22,7200
2026-05-26T03:43:28.0089426,NATIVE,1,1440,937,21,9884
2026-05-26T03:43:28.0312388,NATIVE,1,1440,937,20,2498
2026-05-26T03:43:28.0504254,NATIVE,1,1440,937,15,4572
2026-05-26T03:43:28.0683376,NATIVE,1,1440,937,16,0718
2026-05-26T03:43:28.0837611,NATIVE,1,1440,937,13,7810
2026-05-26T03:43:28.1347209,NATIVE,1,1440,937,26,0849
2026-05-26T03:43:28.1638132,NATIVE,1,1440,937,26,4851
2026-05-26T03:43:28.1981785,NATIVE,1,1440,937,31,5627
2026-05-26T03:43:28.2342475,NATIVE,1,1440,937,33,5014
2026-05-26T03:43:28.2599699,NATIVE,1,1440,937,21,6294
2026-05-26T03:43:28.2807026,NATIVE,1,1440,937,17,8705
2026-05-26T03:43:28.3008342,NATIVE,1,1440,937,18,4834
2026-05-26T03:43:28.3218345,NATIVE,1,1440,937,18,9209
2026-05-26T03:43:28.338026,NATIVE,1,1440,937,14,7383
2026-05-26T03:43:28.90666,NATIVE,1,1440,937,21,7719
2026-05-26T03:43:28.942531,NATIVE,1,1440,937,24,0677
2026-05-26T03:43:28.975478,NATIVE,1,1440,937,29,7883
2026-05-26T03:43:29.008434,NATIVE,1,1440,937,31,3817
2026-05-26T03:43:29.0412308,NATIVE,1,1440,937,29,1318
2026-05-26T03:43:29.0761835,NATIVE,1,1440,937,24,3907
2026-05-26T03:43:29.0985809,NATIVE,1,1440,937,20,8937
2026-05-26T03:43:29.1237048,NATIVE,1,1440,937,20,6366
2026-05-26T03:43:29.145697,NATIVE,1,1440,937,20,4598
2026-05-26T03:43:29.1630565,NATIVE,1,1440,937,15,4688
2026-05-26T03:43:29.1795451,NATIVE,1,1440,937,14,7336
2026-05-26T03:43:29.2136819,NATIVE,1,1440,937,16,8577
2026-05-26T03:43:29.2625348,NATIVE,1,1440,937,43,9940
2026-05-26T03:43:29.2889615,NATIVE,1,1440,937,23,5293
2026-05-26T03:43:29.8159038,NATIVE,1,1440,937,21,1434
2026-05-26T03:43:29.8416414,NATIVE,1,1440,937,19,5307
2026-05-26T03:43:29.8572264,NATIVE,1,1440,937,14,0548
2026-05-26T03:43:29.8977558,NATIVE,1,1440,937,16,9463
2026-05-26T03:43:29.9192112,NATIVE,1,1440,937,17,3921
2026-05-26T03:43:29.9409886,NATIVE,1,1440,937,19,6383
2026-05-26T03:43:29.9591857,NATIVE,1,1440,937,16,3685
2026-05-26T03:43:29.9768925,NATIVE,1,1440,937,16,0572
2026-05-26T03:43:29.9943961,NATIVE,1,1440,937,14,2009
2026-05-26T03:43:30.0100511,NATIVE,1,1440,937,13,8109
2026-05-26T03:43:30.0353212,NATIVE,1,1440,937,19,5657
2026-05-26T03:43:30.055707,NATIVE,1,1440,937,18,4484
2026-05-26T03:43:30.0786297,NATIVE,1,1440,937,21,2578
2026-05-26T03:43:30.0953138,NATIVE,1,1440,937,15,1544
2026-05-26T03:43:30.1471806,NATIVE,1,1440,937,18,8835
2026-05-26T03:43:30.1797719,NATIVE,1,1440,937,27,1173
2026-05-26T03:43:30.6696719,NATIVE,1,1440,937,20,1615
2026-05-26T03:43:30.6940316,NATIVE,1,1440,937,17,2661
2026-05-26T03:43:30.7088556,NATIVE,1,1440,937,13,2110
2026-05-26T03:43:30.7411396,NATIVE,1,1440,937,13,6846
2026-05-26T03:43:30.7689031,NATIVE,1,1440,937,14,8046
2026-05-26T03:43:30.7908393,NATIVE,1,1440,937,15,2569
2026-05-26T03:43:30.8116732,NATIVE,1,1440,937,15,5478
2026-05-26T03:43:30.8320873,NATIVE,1,1440,937,18,5195
2026-05-26T03:43:30.8531364,NATIVE,1,1440,937,14,4258
2026-05-26T03:43:30.8694316,NATIVE,1,1440,937,14,7062
2026-05-26T03:43:30.8930241,NATIVE,1,1440,937,17,8788
2026-05-26T03:43:30.9090745,NATIVE,1,1440,937,14,7428
2026-05-26T03:43:30.9470984,NATIVE,1,1440,937,14,9115
2026-05-26T03:43:31.6296591,NATIVE,1,1440,937,22,2073
2026-05-26T03:43:31.6584886,NATIVE,1,1440,937,22,7423
2026-05-26T03:43:31.6792874,NATIVE,1,1440,937,17,9036
2026-05-26T03:43:31.6965263,NATIVE,1,1440,937,15,6196
2026-05-26T03:43:31.7142896,NATIVE,1,1440,937,14,8586
2026-05-26T03:43:31.7356475,NATIVE,1,1440,937,14,9360
2026-05-26T03:43:31.7536443,NATIVE,1,1440,937,16,1613
2026-05-26T03:43:31.7745653,NATIVE,1,1440,937,19,0444
2026-05-26T03:43:31.8023772,NATIVE,1,1440,937,23,5406
2026-05-26T03:43:31.8333055,NATIVE,1,1440,937,27,9410
2026-05-26T03:43:31.8585419,NATIVE,1,1440,937,24,1821
2026-05-26T03:43:31.8760231,NATIVE,1,1440,937,14,8684
2026-05-26T03:43:31.8925906,NATIVE,1,1440,937,14,7428
2026-05-26T03:43:31.9115627,NATIVE,1,1440,937,13,5923
2026-05-26T03:43:32.2062293,NATIVE,1,1440,937,20,2333
2026-05-26T03:43:32.2346164,NATIVE,1,1440,937,19,7713
2026-05-26T03:43:32.2532913,NATIVE,1,1440,937,16,0679
2026-05-26T03:43:32.2745924,NATIVE,1,1440,937,19,4628
2026-05-26T03:43:32.2956666,NATIVE,1,1440,937,14,7197
2026-05-26T03:43:32.3171429,NATIVE,1,1440,937,12,5535
2026-05-26T03:43:32.3517605,NATIVE,1,1440,937,13,5213
2026-05-26T03:43:32.3829376,NATIVE,1,1440,937,11,7040
2026-05-26T03:43:32.4003416,NATIVE,1,1440,937,12,2274
2026-05-26T03:43:32.4307504,NATIVE,1,1440,937,12,9026
2026-05-26T03:43:32.4682025,NATIVE,1,1440,937,29,7140
2026-05-26T03:43:32.4933982,NATIVE,1,1440,937,22,9686
2026-05-26T03:43:32.5116132,NATIVE,1,1440,937,13,3071
2026-05-26T03:43:32.8208854,NATIVE,1,1440,937,13,6654
2026-05-26T03:43:32.8425563,NATIVE,1,1440,937,15,1808
2026-05-26T03:43:32.8584925,NATIVE,1,1440,937,14,1083
2026-05-26T03:43:32.8771442,NATIVE,1,1440,937,14,2986
2026-05-26T03:43:32.9104862,NATIVE,1,1440,937,12,5057
2026-05-26T03:43:32.9437025,NATIVE,1,1440,937,13,2059
2026-05-26T03:43:32.9621445,NATIVE,1,1440,937,13,7515
2026-05-26T03:43:32.9926246,NATIVE,1,1440,937,12,4328
2026-05-26T03:43:33.0225663,NATIVE,1,1440,937,12,0753
2026-05-26T03:43:33.0555491,NATIVE,1,1440,937,13,2985
2026-05-26T03:43:33.2586906,NATIVE,1,1440,937,17,8394
2026-05-26T03:43:33.2790997,NATIVE,1,1440,937,15,4286
2026-05-26T03:43:33.2947167,NATIVE,1,1440,937,12,8225
2026-05-26T03:43:33.3279707,NATIVE,1,1440,937,13,4410
2026-05-26T03:43:33.3575254,NATIVE,1,1440,937,13,0178
2026-05-26T03:43:33.3754908,NATIVE,1,1440,937,13,1339
2026-05-26T03:43:33.415209,NATIVE,1,1440,937,16,5119
2026-05-26T03:43:33.4341084,NATIVE,1,1440,937,12,9153
2026-05-26T03:43:33.4621097,NATIVE,1,1440,937,11,1429
2026-05-26T03:43:33.5075262,NATIVE,1,1440,937,15,1090
2026-05-26T03:43:33.5375579,NATIVE,1,1440,937,21,9355
2026-05-26T03:43:33.566662,NATIVE,1,1440,937,21,1931
2026-05-26T03:43:33.6985585,NATIVE,1,1440,937,16,6727
2026-05-26T03:43:33.7199017,NATIVE,1,1440,937,15,3878
2026-05-26T03:43:33.7347464,NATIVE,1,1440,937,13,9317
2026-05-26T03:43:33.7697821,NATIVE,1,1440,937,11,9800
2026-05-26T03:43:33.8019174,NATIVE,1,1440,937,12,4647
2026-05-26T03:43:33.8235166,NATIVE,1,1440,937,15,3907
2026-05-26T03:43:33.8434015,NATIVE,1,1440,937,15,4010
2026-05-26T03:43:33.8602283,NATIVE,1,1440,937,15,3330
2026-05-26T03:43:33.8897696,NATIVE,1,1440,937,24,3233
2026-05-26T03:43:33.9286275,NATIVE,1,1440,937,33,0255
2026-05-26T03:43:33.9683581,NATIVE,1,1440,937,29,9660
2026-05-26T03:43:33.9896176,NATIVE,1,1440,937,18,9709
2026-05-26T03:43:34.0113579,NATIVE,1,1440,937,20,0429
2026-05-26T03:43:34.0450457,NATIVE,1,1440,937,28,5029
2026-05-26T03:43:34.07903,NATIVE,1,1440,937,25,2488
2026-05-26T03:43:34.1074319,NATIVE,1,1440,937,25,0386
2026-05-26T03:43:34.1288391,NATIVE,1,1440,937,20,0063
2026-05-26T03:43:34.1472991,NATIVE,1,1440,937,17,0751
2026-05-26T03:43:34.1664911,NATIVE,1,1440,937,18,4221
2026-05-26T03:43:34.1857875,NATIVE,1,1440,937,17,1303
2026-05-26T03:43:34.2046773,NATIVE,1,1440,937,16,0822
2026-05-26T03:43:34.3929444,NATIVE,1,1440,937,27,8468
2026-05-26T03:43:34.4275557,NATIVE,1,1440,937,26,2938
2026-05-26T03:43:34.4486029,NATIVE,1,1440,937,19,5040
2026-05-26T03:43:34.4667143,NATIVE,1,1440,937,16,8632
2026-05-26T03:43:34.4829643,NATIVE,1,1440,937,14,7021
2026-05-26T03:43:34.5178166,NATIVE,1,1440,937,13,5881
2026-05-26T03:43:34.5573885,NATIVE,1,1440,937,14,1650
2026-05-26T03:43:34.5860615,NATIVE,1,1440,937,26,4802
2026-05-26T03:43:34.6185558,NATIVE,1,1440,937,25,1303
2026-05-26T03:43:34.6418123,NATIVE,1,1440,937,21,4223
2026-05-26T03:43:34.6575146,NATIVE,1,1440,937,14,2536
2026-05-26T03:43:34.703264,NATIVE,1,1440,937,20,5399
2026-05-26T03:43:34.7227385,NATIVE,1,1440,937,17,4932
2026-05-26T03:43:34.7421861,NATIVE,1,1440,937,17,9570
2026-05-26T03:43:35.0936968,NATIVE,1,1440,937,19,5679
2026-05-26T03:43:35.1137976,NATIVE,1,1440,937,14,8620
2026-05-26T03:43:35.1326821,NATIVE,1,1440,937,17,2361
2026-05-26T03:43:35.1605985,NATIVE,1,1440,937,24,3546
2026-05-26T03:43:35.1946283,NATIVE,1,1440,937,24,4137
2026-05-26T03:43:35.2203979,NATIVE,1,1440,937,24,0830
2026-05-26T03:43:35.2376659,NATIVE,1,1440,937,16,3803
2026-05-26T03:43:35.2572531,NATIVE,1,1440,937,16,2606
2026-05-26T03:43:35.275998,NATIVE,1,1440,937,15,3924
2026-05-26T03:43:35.3032533,NATIVE,1,1440,937,25,4349
2026-05-26T03:43:35.3258403,NATIVE,1,1440,937,20,9071
2026-05-26T03:43:35.3461992,NATIVE,1,1440,937,18,8149
2026-05-26T03:43:35.3676038,NATIVE,1,1440,937,20,0577
2026-05-26T03:43:35.3873097,NATIVE,1,1440,937,14,1043
2026-05-26T03:43:37.0286888,NATIVE,1,1440,937,17,1446
2026-05-26T03:43:37.0584312,NATIVE,1,1440,937,20,8583
2026-05-26T03:43:37.0798871,NATIVE,1,1440,937,19,5944
2026-05-26T03:43:37.1026822,NATIVE,1,1440,937,21,1514
2026-05-26T03:43:37.1220047,NATIVE,1,1440,937,14,6137
2026-05-26T03:43:37.9368327,NATIVE,1,1440,937,22,8982
2026-05-26T03:43:37.9640317,NATIVE,1,1440,937,20,5057
2026-05-26T03:43:37.9847,NATIVE,1,1440,937,17,1759
2026-05-26T03:43:38.0131675,NATIVE,1,1440,937,26,4283
2026-05-26T03:43:38.0420737,NATIVE,1,1440,937,26,7275
2026-05-26T03:43:38.0797459,NATIVE,1,1440,937,29,3834
2026-05-26T03:43:38.1100909,NATIVE,1,1440,937,26,4112
2026-05-26T03:43:38.1281894,NATIVE,1,1440,937,16,4627
2026-05-26T03:43:38.1479837,NATIVE,1,1440,937,18,5026
2026-05-26T03:43:38.1646105,NATIVE,1,1440,937,15,3567
2026-05-26T03:43:38.1872113,NATIVE,1,1440,937,20,9354
2026-05-26T03:43:38.2042581,NATIVE,1,1440,937,15,3186
2026-05-26T03:43:38.221119,NATIVE,1,1440,937,15,3669
2026-05-26T03:43:38.2411597,NATIVE,1,1440,937,17,0086
2026-05-26T03:43:41.4874862,PDFBOX,1,1440,937,63,1305
2026-05-26T03:43:42.3295371,PDFBOX,1,1440,937,50,6929
2026-05-26T03:43:42.8631261,PDFBOX,1,1440,937,49,2140
2026-05-26T03:43:43.3214452,PDFBOX,1,1440,937,41,4927
2026-05-26T03:43:44.1831806,PDFBOX,1,1440,937,97,6640
2026-05-26T03:43:46.1755475,PDFBOX,1,1440,937,670,3842
2026-05-26T03:43:48.7297349,PDFBOX,1,1440,937,2228,4872
2026-05-26T03:43:49.0146254,PDFBOX,1,1440,937,193,9876
2026-05-26T03:43:51.0868967,PDFBOX,1,1440,937,64,8552
2026-05-26T03:43:52.2999302,PDFBOX,1,1440,937,145,0458
2026-05-26T03:43:53.3556674,PDFBOX,1,1440,937,76,5837
2026-05-26T03:43:55.0027584,PDFBOX,1,1440,937,41,6692
2026-05-26T03:43:56.1182308,PDFBOX,1,1440,937,52,1710
2026-05-26T03:43:56.5932267,NATIVE,1,1440,937,80,0910
2026-05-26T03:43:57.2843309,NATIVE,1,1440,937,20,9361
2026-05-26T03:43:57.3173758,NATIVE,1,1440,937,22,7450
2026-05-26T03:43:57.345883,NATIVE,1,1440,937,24,5090
2026-05-26T03:43:57.3720967,NATIVE,1,1440,937,22,5858
2026-05-26T03:43:57.394628,NATIVE,1,1440,937,19,4544
2026-05-26T03:43:57.4195491,NATIVE,1,1440,937,15,6886
2026-05-26T03:43:57.4377845,NATIVE,1,1440,937,15,0947
2026-05-26T03:43:57.4544652,NATIVE,1,1440,937,14,6340
2026-05-26T03:43:57.4741491,NATIVE,1,1440,937,15,6366
2026-05-26T03:43:57.4920497,NATIVE,1,1440,937,14,5786
2026-05-26T03:43:57.5092349,NATIVE,1,1440,937,13,5262
2026-05-26T03:43:57.5297537,NATIVE,1,1440,937,17,3000
2026-05-26T03:43:57.5512254,NATIVE,1,1440,937,17,8277
2026-05-26T03:43:57.5685946,NATIVE,1,1440,937,14,2940
2026-05-26T03:43:57.5861821,NATIVE,1,1440,937,14,2905
2026-05-26T03:43:57.6038857,NATIVE,1,1440,937,14,4169
2026-05-26T03:43:57.622068,NATIVE,1,1440,937,15,6578
2026-05-26T03:43:57.6481422,NATIVE,1,1440,937,17,0601
2026-05-26T03:43:57.6810166,NATIVE,1,1440,937,27,9249
2026-05-26T03:43:57.7075254,NATIVE,1,1440,937,22,5675
2026-05-26T03:43:57.7306193,NATIVE,1,1440,937,19,9587
2026-05-26T03:43:57.7547792,NATIVE,1,1440,937,21,6982
2026-05-26T03:43:57.7724849,NATIVE,1,1440,937,14,1643
2026-05-26T03:43:58.2592201,NATIVE,1,1440,937,17,8410
2026-05-26T03:43:58.2841853,NATIVE,1,1440,937,19,4525
2026-05-26T03:43:58.3050863,NATIVE,1,1440,937,18,6916
2026-05-26T03:43:58.3246458,NATIVE,1,1440,937,16,6303
2026-05-26T03:43:58.3441925,NATIVE,1,1440,937,13,1862
2026-05-26T03:43:58.3806747,NATIVE,1,1440,937,13,5693
2026-05-26T03:43:58.4154048,NATIVE,1,1440,937,13,5745
2026-05-26T03:43:58.446048,NATIVE,1,1440,937,26,9244
2026-05-26T03:43:58.476708,NATIVE,1,1440,937,20,1875
2026-05-26T03:43:58.4992374,NATIVE,1,1440,937,20,1740
2026-05-26T03:43:58.5229764,NATIVE,1,1440,937,19,6800
2026-05-26T03:43:58.5444681,NATIVE,1,1440,937,19,1780
2026-05-26T03:43:58.5672308,NATIVE,1,1440,937,15,2093
2026-05-26T03:43:58.584395,NATIVE,1,1440,937,14,2100
2026-05-26T03:46:10.3532814,PDFBOX,1,1100,850,491,9670
2026-05-26T03:46:15.2214021,PDFBOX,1,633,821,152,0591
2026-05-26T03:46:16.0832957,PDFBOX,1,633,821,140,1139
2026-05-26T03:46:16.9969743,PDFBOX,1,633,821,461,3825
2026-05-26T03:46:17.8281491,PDFBOX,1,633,821,84,7644
2026-05-26T03:46:19.399117,PDFBOX,1,633,821,103,4255
2026-05-26T03:46:19.9198964,PDFBOX,1,633,821,100,2459
2026-05-26T03:46:22.0073167,PDFBOX,1,633,821,51,0480
2026-05-26T03:46:23.1160176,PDFBOX,1,633,821,66,2250
2026-05-26T03:46:24.2174018,NATIVE,1,633,821,26,2978
2026-05-26T03:46:25.2497844,NATIVE,1,633,821,31,8220
2026-05-26T03:46:26.4101333,NATIVE,1,633,821,22,1067
2026-05-26T03:46:27.1577011,NATIVE,1,633,821,35,4296
2026-05-26T03:46:28.3397395,NATIVE,1,633,821,32,6898
2026-05-26T03:46:28.4445741,NATIVE,1,633,821,40,0712
2026-05-26T03:46:30.5397662,NATIVE,1,633,821,52,0180
2026-05-26T03:46:30.8717008,NATIVE,1,633,821,40,1351
2026-05-26T03:46:31.8721462,NATIVE,1,633,821,42,1381
2026-05-26T03:46:34.7050524,NATIVE,1,633,821,42,2682
2026-05-26T03:46:35.758516,NATIVE,1,633,821,29,9856
2026-05-26T03:46:36.7488429,NATIVE,1,633,821,12,2587
2026-05-26T03:46:40.6404503,PDFBOX,1,633,821,1395,9899
2026-05-26T03:46:41.42536,PDFBOX,1,633,821,605,2837
2026-05-26T03:46:44.7132364,PDFBOX,1,633,821,435,7175
2026-05-26T03:46:45.2910222,PDFBOX,1,633,821,338,6064
2026-05-26T03:46:47.6062053,PDFBOX,1,633,821,292,9499
2026-05-26T03:46:48.1570692,PDFBOX,1,633,821,257,3256
2026-05-26T03:46:50.2924421,PDFBOX,1,633,821,159,1879
2026-05-26T03:46:50.8735145,PDFBOX,1,633,821,84,8606
2026-05-26T03:46:52.2864013,PDFBOX,1,633,821,62,6112
2026-05-26T03:46:53.8011976,PDFBOX,1,633,821,55,9327
2026-05-26T03:46:54.5493677,NATIVE,1,633,821,77,1415
2026-05-26T03:46:55.4275188,NATIVE,1,633,821,42,5189
2026-05-26T03:46:56.8858692,NATIVE,1,633,821,40,3058
2026-05-26T03:46:57.4407127,NATIVE,1,633,821,17,5994
2026-05-26T03:46:59.1263337,NATIVE,1,633,821,48,4000
2026-05-26T03:47:00.1771679,NATIVE,1,633,821,43,3384
2026-05-26T03:47:00.4325288,NATIVE,1,633,821,39,8357
2026-05-26T03:47:04.5244456,NATIVE,1,633,821,30,1004
2026-05-26T03:48:48.1075801,PDFBOX,1,1100,850,603,9632
2026-05-26T03:48:49.9706052,PDFBOX,1,633,821,149,9746
2026-05-26T03:48:51.0092123,NATIVE,1,633,821,16,5225
2026-05-26T03:48:54.9992076,NATIVE,1,633,821,19,0262
2026-05-26T03:48:55.7268145,NATIVE,1,633,821,38,3803
2026-05-26T03:48:57.4049036,NATIVE,1,633,821,13,3923
2026-05-26T03:48:59.2034154,NATIVE,1,633,821,36,5998
2026-05-26T03:48:59.4073853,NATIVE,1,633,821,34,8687
2026-05-26T03:49:00.1140587,NATIVE,1,633,821,20,9870
2026-05-26T03:49:01.6470454,NATIVE,1,633,821,29,4075
2026-05-26T03:49:02.4244698,NATIVE,1,633,821,16,6895
2026-05-26T03:49:04.8829736,NATIVE,1,633,821,40,0523
2026-05-26T03:49:05.3562834,PDFBOX,1,633,821,291,6889
2026-05-26T03:49:08.7615828,PDFBOX,1,633,821,330,0405
2026-05-26T03:49:10.1788114,PDFBOX,1,633,821,273,3345
2026-05-26T03:49:10.5189727,PDFBOX,1,633,821,86,0934
2026-05-26T03:49:10.885106,PDFBOX,1,633,821,56,7922
2026-05-26T03:49:11.4023159,PDFBOX,1,633,821,64,1349
2026-05-26T03:49:12.6145259,PDFBOX,1,633,821,42,9140
2026-05-26T03:49:12.8242606,PDFBOX,1,633,821,45,2878
2026-05-26T03:49:13.3811974,PDFBOX,1,633,821,72,5623
2026-05-26T03:49:13.5206278,PDFBOX,1,633,821,59,6502
2026-05-26T03:49:14.1143935,PDFBOX,1,633,821,60,9580
2026-05-26T03:49:14.8486168,PDFBOX,1,633,821,75,6808
2026-05-26T03:49:16.1621694,PDFBOX,1,633,821,229,3098
2026-05-26T03:49:16.6856656,PDFBOX,1,633,821,72,2440
2026-05-26T03:49:19.4531712,PDFBOX,1,633,821,1682,7244
2026-05-26T03:49:19.7765364,PDFBOX,1,633,821,252,9858
2026-05-26T03:49:21.0420631,PDFBOX,1,633,821,288,0188
2026-05-26T03:49:22.1390696,PDFBOX,1,633,821,764,0189
2026-05-26T03:49:24.1315284,PDFBOX,1,633,821,1197,3322
2026-05-26T03:49:27.6148607,PDFBOX,1,633,821,1142,9084
2026-05-26T03:49:28.8859409,NATIVE,1,633,821,68,3773
2026-05-26T03:49:29.8089515,NATIVE,1,633,821,25,4899
2026-05-26T03:49:30.7624966,NATIVE,1,633,821,46,2797
2026-05-26T03:49:30.8844606,NATIVE,1,633,821,46,4243
2026-05-26T03:49:32.39532,NATIVE,1,633,821,63,6223
2026-05-26T03:49:32.7490465,NATIVE,1,633,821,44,3080
2026-05-26T03:49:33.556308,NATIVE,1,633,821,45,2559
2026-05-26T03:49:34.30017,NATIVE,1,633,821,38,5351
2026-05-26T03:49:35.1789567,NATIVE,1,633,821,21,0589
2026-05-26T03:49:36.9320224,NATIVE,1,633,821,34,0853
2026-05-26T03:49:37.8218231,NATIVE,1,633,821,12,6447
2026-05-26T03:49:39.7802014,NATIVE,1,633,821,21,3816
2026-05-26T03:49:41.1236923,NATIVE,1,633,821,22,1878
2026-05-26T03:49:43.4518402,NATIVE,1,633,821,23,1418
2026-05-26T03:49:46.1418339,NATIVE,1,633,821,29,8794
2026-05-26T03:49:47.7129131,NATIVE,1,633,821,13,2678
2026-05-26T03:49:48.8512699,NATIVE,1,633,821,18,9186
2026-05-26T03:49:49.9399551,NATIVE,1,633,821,33,5416
2026-05-26T03:49:50.024526,NATIVE,1,633,821,16,7632
2026-05-26T03:49:50.1131138,NATIVE,1,633,821,21,2760
2026-05-26T03:49:51.1321237,NATIVE,1,633,821,14,4442
2026-05-26T03:49:51.796248,NATIVE,1,633,821,51,5345
2026-05-26T03:49:52.2628808,NATIVE,1,633,821,9,9853
2026-05-26T03:49:52.7433627,NATIVE,1,633,821,15,9476
2026-05-26T04:18:30.767059,PDFBOX,1,1100,850,961,3460
2026-05-26T04:18:31.7570679,PDFBOX,1,633,821,317,2702
2026-05-26T04:18:32.6932098,PDFBOX,1,633,821,140,3103
2026-05-26T04:18:34.1342807,PDFBOX,1,633,821,69,5707
2026-05-26T04:18:36.6985827,PDFBOX,1,633,821,46,8238
2026-05-26T04:18:36.9288225,PDFBOX,1,633,821,83,1217
2026-05-26T04:18:37.3443769,NATIVE,1,633,821,48,3378
2026-05-26T04:18:40.8169313,NATIVE,1,633,821,41,1228
2026-05-26T04:18:41.1083023,NATIVE,1,633,821,24,8445
2026-05-26T04:18:41.2297896,NATIVE,1,633,821,21,7032
2026-05-26T04:18:42.8883084,NATIVE,1,633,821,17,1863
2026-05-26T04:18:42.9678646,NATIVE,1,633,821,16,7566
2026-05-26T04:18:43.7335364,NATIVE,1,633,821,34,9246
2026-05-26T04:18:43.828778,NATIVE,1,633,821,31,6072
2026-05-26T04:18:44.1490575,NATIVE,1,633,821,17,5347
2026-05-26T04:18:44.2627947,NATIVE,1,633,821,46,9348
2026-05-26T04:18:44.3412493,NATIVE,1,633,821,16,1119
2026-05-26T04:18:45.3503442,NATIVE,1,633,821,19,0117
2026-05-26T04:18:45.4438584,NATIVE,1,633,821,25,0330
2026-05-26T04:18:45.5923981,NATIVE,1,633,821,33,4108
2026-05-26T04:18:46.5058133,NATIVE,1,633,821,18,5049
2026-05-26T04:18:46.6092019,NATIVE,1,633,821,25,9998
2026-05-26T04:18:48.4785142,PDFBOX,1,633,821,253,4617
2026-05-26T04:18:49.3032999,PDFBOX,1,633,821,133,1190
2026-05-26T04:18:50.2680925,PDFBOX,1,633,821,467,2070
2026-05-26T04:18:50.4479783,PDFBOX,1,633,821,106,0352
2026-05-26T04:18:51.2591983,PDFBOX,1,633,821,100,0155
2026-05-26T04:18:51.4125088,PDFBOX,1,633,821,85,7937
2026-05-26T04:18:52.3711643,PDFBOX,1,633,821,161,0946
2026-05-26T04:18:52.5821763,PDFBOX,1,633,821,140,6550
2026-05-26T04:18:53.4337861,PDFBOX,1,633,821,80,7390
2026-05-26T04:18:54.408362,PDFBOX,1,633,821,93,4614
2026-05-26T04:18:54.7727437,PDFBOX,1,633,821,108,6381
2026-05-26T04:18:55.1672588,NATIVE,1,633,821,60,8651
2026-05-26T04:18:56.1771124,NATIVE,1,633,821,20,1477
2026-05-26T04:18:56.7812621,NATIVE,1,633,821,30,9328
2026-05-26T04:18:57.8985881,NATIVE,1,633,821,32,4633
2026-05-26T04:19:00.4499017,NATIVE,1,633,821,31,4861
2026-05-26T04:19:01.7564675,NATIVE,1,633,821,31,2249
2026-05-26T04:19:02.2461674,NATIVE,1,633,821,23,9423
2026-05-26T04:19:03.7741331,NATIVE,1,633,821,30,6140
2026-05-26T04:19:04.9084685,NATIVE,1,633,821,36,0515
2026-05-26T04:19:06.0396214,NATIVE,1,633,821,24,6682
2026-05-26T04:19:07.0994662,NATIVE,1,633,821,37,0695
2026-05-26T04:19:08.4591094,NATIVE,1,633,821,35,5242
2026-05-26T04:19:09.6165855,NATIVE,1,633,821,30,8782
2026-05-26T04:19:10.9939638,NATIVE,1,633,821,30,7576
2026-05-26T04:19:12.261345,NATIVE,1,633,821,37,8311
2026-05-26T04:19:13.3908491,NATIVE,1,633,821,26,3071
2026-05-26T04:19:14.2281526,NATIVE,1,633,821,19,7512
2026-05-26T04:19:14.8857303,NATIVE,1,633,821,45,4849
2026-05-26T04:19:16.3275427,NATIVE,1,633,821,16,1235
2026-05-26T04:19:17.1512502,NATIVE,1,633,821,18,0396
2026-05-26T04:19:18.2843686,NATIVE,1,633,821,43,5469
2026-05-26T04:19:19.2070649,NATIVE,1,633,821,41,9641
2026-05-26T04:19:20.6470943,NATIVE,1,633,821,19,8428
2026-05-26T04:19:21.58895,NATIVE,1,633,821,21,6263
2026-05-26T04:19:22.5176657,NATIVE,1,633,821,28,3024
2026-05-26T04:19:23.336984,NATIVE,1,633,821,30,3921
2026-05-26T04:19:23.9337883,NATIVE,1,633,821,29,5183
2026-05-26T04:19:24.4486808,NATIVE,1,633,821,31,8569
2026-05-26T04:19:42.6820173,NATIVE,1,633,821,40,8516
2026-05-26T04:19:43.9422015,NATIVE,1,633,821,36,6629
2026-05-26T04:19:44.8691168,NATIVE,1,633,821,24,5278
2026-05-26T04:19:45.3613594,NATIVE,1,633,821,32,5525
2026-05-26T04:19:45.932287,NATIVE,1,633,821,25,3967
2026-05-26T04:19:47.2412592,PDFBOX,1,633,821,169,4610
2026-05-26T04:19:48.0826205,PDFBOX,1,633,821,38,8743
2026-05-26T04:19:49.0024978,PDFBOX,1,633,821,64,9487
2026-05-26T04:19:49.8714615,PDFBOX,1,633,821,214,4648
2026-05-26T04:19:52.421852,PDFBOX,1,633,821,1543,2100
2026-05-26T04:19:52.7873175,PDFBOX,1,633,821,118,0258
2026-05-26T04:19:53.2966277,PDFBOX,1,633,821,43,4661
2026-05-26T04:19:53.4507682,PDFBOX,1,633,821,65,4141
2026-05-26T04:19:54.2208199,PDFBOX,1,633,821,53,2866
2026-05-26T04:19:55.2425383,PDFBOX,1,633,821,76,7893
2026-05-26T04:19:55.8917296,NATIVE,1,633,821,34,5982
2026-05-26T04:19:56.5661653,NATIVE,1,633,821,29,8748
2026-05-26T04:19:56.7453574,NATIVE,1,633,821,33,1872
2026-05-26T04:19:57.3852082,NATIVE,1,633,821,34,0568
2026-05-26T04:19:57.827035,NATIVE,1,633,821,37,0353
2026-05-26T04:19:59.5802038,NATIVE,1,633,821,29,1733
